gender,location_type,gaming_hours,sleep_duration_hours,daily_screen_time_hours,caffeine_intake_mg_per_day
Female,Rural,1.4,7.2,9.6,206.2
Female,Rural,2.5,7.8,1.5,70.1
Female,Rural,1.1,6.9,4.8,45.2
Female,Rural,1.5,7.2,5.8,178.1
Female,Rural,1.5,7.2,5.1,131.4
Female,Rural,3.3,8.5,3.0,127.9
Female,Rural,1.7,7.6,4.3,161.6
Female,Rural,1.9,7.4,4.0,100.4
Female,Rural,2.0,7.7,5.9,172.1
Female,Rural,2.8,7.2,3.0,133.0
Female,Rural,2.6,7.9,1.4,105.4
Female,Rural,1.6,7.0,6.6,122.3
Female,Rural,1.2,7.0,5.9,84.9
Female,Rural,1.2,7.4,5.3,154.3
Female,Rural,3.2,7.1,4.5,228.7
Female,Rural,0.4,7.5,4.7,169.4
Female,Rural,0.9,6.4,5.8,250.4
Female,Rural,1.6,6.6,6.1,149.3
Female,Rural,2.5,8.2,1.9,159.3
Female,Rural,2.0,7.3,4.3,250.2
Female,Rural,1.4,6.7,5.6,211.1
Female,Rural,2.5,7.5,1.0,122.0
Female,Rural,1.2,8.2,4.0,152.2
Female,Rural,1.5,8.1,2.8,88.1
Female,Rural,1.2,7.0,6.7,129.1
Female,Rural,0.9,8.1,6.5,120.0
Female,Rural,3.0,7.6,1.8,140.6
Female,Rural,0.8,6.4,4.7,171.8
Female,Rural,0.9,6.9,6.5,169.3
Female,Rural,0.6,6.4,7.1,175.4
Female,Rural,0.9,7.0,6.5,67.3
Female,Rural,1.2,6.8,10.0,115.7
Female,Rural,0.7,6.9,6.5,92.6
Female,Rural,3.3,8.0,2.4,102.8
Female,Rural,0.9,7.5,5.3,163.2
Female,Rural,1.2,6.9,6.1,163.6
Female,Rural,1.6,7.2,2.2,111.6
Female,Rural,1.2,7.4,6.7,125.6
Female,Rural,2.1,7.9,2.8,124.4
Female,Rural,1.9,7.9,4.5,155.6
Female,Rural,1.1,6.9,4.8,122.1
Female,Rural,2.2,7.7,3.8,140.8
Female,Rural,1.2,6.6,8.6,160.3
Female,Rural,0.7,7.1,6.0,194.6
Female,Rural,1.8,7.8,3.4,29.1
Female,Rural,2.3,8.1,2.3,140.0
Female,Rural,2.7,7.7,4.7,141.8
Female,Rural,1.0,7.2,7.7,135.2
Female,Rural,2.4,7.3,3.8,116.4
Female,Rural,1.1,8.3,2.4,144.8
Female,Rural,2.2,7.8,2.1,91.0
Female,Rural,0.9,7.5,6.6,84.7
Female,Rural,0.8,8.3,6.3,56.2
Female,Rural,2.8,7.8,4.4,155.2
Female,Rural,1.6,8.5,2.2,183.3
Female,Rural,1.4,8.3,5.5,145.0
Female,Rural,1.8,7.5,2.7,115.7
Female,Rural,1.3,8.2,5.6,70.2
Female,Rural,1.1,6.7,7.5,190.9
Female,Rural,2.2,7.2,4.0,239.2
Female,Rural,1.3,7.7,5.7,101.8
Female,Rural,2.3,7.2,3.2,111.5
Female,Rural,1.6,6.7,8.7,141.5
Female,Rural,1.6,7.2,8.1,102.2
Female,Rural,0.4,6.6,7.2,70.4
Female,Rural,1.8,8.1,3.6,196.2
Female,Rural,1.6,8.8,3.8,105.3
Female,Rural,0.7,7.3,9.0,159.4
Female,Rural,2.6,8.1,2.8,135.7
Female,Rural,2.8,8.0,2.9,128.4
Female,Rural,1.9,7.7,4.3,70.6
Female,Rural,1.1,5.9,7.0,233.0
Female,Rural,2.1,7.8,3.0,157.7
Female,Rural,1.5,7.0,7.0,146.6
Female,Rural,0.8,7.3,8.2,95.2
Female,Rural,2.3,7.7,2.8,97.7
Female,Rural,1.4,7.4,7.0,142.3
Female,Rural,0.7,7.7,6.2,110.2
Female,Rural,1.9,7.2,4.0,151.7
Female,Rural,0.3,7.2,6.3,191.9
Female,Rural,1.7,7.7,4.4,171.1
Female,Rural,2.0,7.4,4.4,131.9
Female,Rural,1.4,6.2,7.7,214.1
Female,Rural,1.5,8.4,3.2,150.6
Female,Rural,1.2,7.4,4.1,185.9
Female,Rural,1.4,7.4,4.6,214.3
Female,Rural,1.1,6.8,9.1,257.7
Female,Rural,1.2,6.6,8.1,252.2
Female,Rural,2.5,7.2,2.2,134.3
Female,Rural,0.6,7.7,7.2,202.6
Female,Rural,1.8,7.4,5.5,114.4
Female,Rural,0.3,6.4,6.8,144.7
Female,Rural,2.0,6.5,6.4,166.7
Female,Rural,1.1,7.9,5.1,62.5
Female,Rural,1.0,6.1,7.9,195.0
Female,Rural,2.9,7.5,4.1,146.5
Female,Rural,2.0,7.5,3.6,84.4
Female,Rural,3.1,8.0,1.0,119.3
Female,Rural,0.9,7.2,4.0,106.8
Female,Rural,1.1,6.9,3.6,135.7
Female,Rural,2.0,8.6,3.8,41.1
Female,Rural,0.7,7.3,5.2,206.2
Female,Rural,2.7,7.3,3.9,158.5
Female,Rural,1.9,7.2,5.5,101.0
Female,Rural,2.4,7.7,2.0,189.4
Female,Rural,1.7,8.2,4.3,216.5
Female,Rural,1.0,7.3,2.7,119.9
Female,Rural,1.7,6.7,4.8,229.1
Female,Rural,2.7,8.1,3.7,157.6
Female,Rural,1.0,6.8,7.4,146.6
Female,Rural,0.7,7.8,4.8,171.9
Female,Rural,2.0,7.0,5.2,135.5
Female,Rural,1.1,7.3,6.3,166.2
Female,Rural,1.2,6.9,5.3,228.4
Female,Rural,1.4,8.1,4.2,67.4
Female,Rural,0.5,7.1,5.1,43.7
Female,Rural,1.3,7.3,6.2,123.6
Female,Rural,1.5,8.1,6.5,161.0
Female,Rural,1.4,6.7,6.6,235.5
Female,Rural,0.4,6.8,4.9,210.0
Female,Rural,2.3,7.4,2.6,199.7
Female,Rural,1.6,7.9,4.8,207.2
Female,Rural,1.3,7.7,6.6,75.5
Female,Rural,0.6,8.0,5.1,159.7
Female,Rural,1.1,7.5,4.1,144.0
Female,Rural,0.9,7.5,5.0,79.2
Female,Rural,1.1,6.9,5.3,158.5
Female,Rural,1.1,7.3,2.9,100.7
Female,Rural,1.3,7.1,5.7,111.4
Female,Rural,3.0,7.7,2.7,125.2
Female,Rural,1.6,7.3,4.4,189.1
Female,Rural,2.0,6.3,6.8,201.3
Female,Rural,1.2,7.4,4.8,229.2
Female,Rural,1.3,7.9,5.6,157.0
Female,Rural,0.8,7.3,6.1,150.7
Female,Rural,0.8,7.9,5.6,98.0
Female,Rural,1.4,7.1,5.6,176.0
Female,Rural,1.1,6.6,7.5,95.4
Female,Rural,1.5,7.5,3.1,18.9
Female,Rural,1.1,7.2,7.4,79.9
Female,Rural,1.9,7.9,1.0,166.8
Female,Rural,1.0,7.1,5.9,166.9
Female,Rural,1.7,7.2,5.6,41.6
Female,Rural,0.8,7.3,4.2,66.9
Female,Rural,1.1,8.3,5.8,148.0
Female,Rural,2.0,7.1,2.9,70.5
Female,Rural,1.3,7.5,5.7,105.4
Female,Rural,2.1,7.2,3.5,103.9
Female,Rural,1.1,6.6,7.2,138.4
Female,Rural,1.2,7.1,6.6,156.6
Female,Rural,2.0,8.7,2.3,80.0
Female,Rural,0.7,7.2,9.5,92.2
Female,Rural,1.1,7.6,4.9,83.4
Female,Rural,0.9,7.1,5.5,158.1
Female,Rural,1.1,7.0,4.8,184.9
Female,Rural,1.8,8.0,3.7,134.9
Female,Rural,0.9,7.6,5.5,139.3
Female,Rural,2.6,7.3,3.1,119.8
Female,Rural,1.4,7.7,7.8,139.9
Female,Rural,1.5,7.1,4.2,271.8
Female,Rural,1.5,6.8,7.0,237.9
Female,Rural,2.5,7.3,3.5,222.6
Female,Rural,0.8,7.6,8.0,124.6
Female,Rural,1.8,8.1,5.2,123.5
Female,Rural,1.8,7.5,2.4,146.1
Female,Rural,1.1,6.5,5.8,164.4
Female,Rural,1.4,7.6,7.1,119.4
Female,Rural,1.8,7.4,1.7,138.9
Female,Rural,2.8,7.6,3.9,104.7
Female,Rural,1.1,7.3,3.1,85.0
Female,Rural,2.4,7.7,3.2,44.8
Female,Rural,0.7,6.2,6.8,182.5
Female,Rural,1.5,6.4,10.0,117.5
Female,Rural,1.8,7.9,4.2,148.4
Female,Rural,1.3,6.5,5.8,176.0
Female,Rural,2.3,7.3,3.4,135.2
Female,Rural,1.9,7.6,4.8,121.8
Female,Rural,1.4,7.5,7.2,43.3
Female,Rural,2.4,7.5,2.9,107.7
Female,Rural,1.4,7.1,4.9,114.2
Female,Rural,2.3,6.5,3.8,205.4
Female,Rural,3.1,7.7,2.4,99.3
Female,Rural,2.5,7.7,3.0,199.7
Female,Rural,1.1,7.7,4.9,71.1
Female,Rural,2.1,8.2,4.8,60.5
Female,Rural,0.9,6.3,5.0,181.2
Female,Rural,3.1,6.9,6.0,89.3
Female,Rural,2.9,6.9,3.9,173.7
Female,Rural,1.9,7.6,3.0,126.8
Female,Rural,2.7,8.5,3.2,59.5
Female,Rural,1.0,6.3,10.0,166.5
Female,Rural,1.8,7.7,4.5,116.6
Female,Rural,1.7,7.3,5.1,0.0
Female,Rural,2.3,7.4,6.3,185.3
Female,Rural,1.3,7.6,6.1,243.2
Female,Rural,2.7,6.4,2.6,226.0
Female,Rural,1.5,6.7,8.4,229.7
Female,Rural,0.5,7.7,4.7,89.1
Female,Rural,2.0,7.7,2.3,184.6
Female,Rural,1.9,8.3,4.3,88.5
Female,Rural,2.3,7.6,6.5,137.4
Female,Rural,1.3,6.3,7.3,180.5
Female,Rural,1.6,6.9,6.2,170.3
Female,Rural,1.2,6.2,7.0,126.9
Female,Rural,2.3,8.7,1.8,48.8
Female,Rural,1.3,7.7,5.6,150.2
Female,Rural,1.7,7.5,5.7,206.6
Female,Rural,1.6,7.1,5.0,80.4
Female,Rural,0.8,6.7,5.4,136.4
Female,Rural,1.2,7.7,2.2,124.1
Female,Rural,1.3,7.6,4.8,184.6
Female,Rural,0.9,6.5,7.0,270.6
Female,Rural,1.6,7.2,8.6,217.7
Female,Rural,1.1,6.5,8.8,105.6
Female,Rural,2.0,7.6,4.8,91.5
Female,Rural,1.9,7.1,5.4,176.0
Female,Rural,1.8,7.3,7.4,102.3
Female,Rural,0.8,7.7,5.2,114.5
Female,Rural,1.2,7.0,6.5,212.0
Female,Rural,1.8,7.8,3.1,120.0
Female,Rural,1.4,7.0,6.3,96.4
Female,Rural,0.7,7.6,3.5,76.7
Female,Rural,1.0,7.5,5.2,132.6
Female,Rural,2.6,7.0,2.2,120.8
Female,Rural,2.7,7.4,3.6,101.3
Female,Rural,2.2,7.8,1.7,86.2
Female,Rural,1.5,8.3,8.9,26.5
Female,Rural,1.1,7.2,3.4,209.3
Female,Rural,1.5,7.3,4.3,99.2
Female,Rural,1.4,7.8,3.4,11.6
Female,Rural,2.2,7.5,2.0,137.3
Female,Rural,2.2,7.6,4.3,196.6
Female,Rural,0.8,7.8,3.8,193.0
Female,Rural,1.1,7.3,7.8,123.9
Female,Rural,1.5,6.8,6.9,187.5
Female,Rural,1.9,7.4,5.2,223.8
Female,Rural,0.9,6.0,7.4,109.6
Female,Rural,1.4,7.1,4.9,136.5
Female,Rural,1.1,8.4,4.1,72.8
Female,Rural,1.5,7.6,4.7,183.3
Female,Rural,1.6,7.1,6.7,131.0
Female,Rural,1.0,8.4,4.6,147.3
Female,Rural,1.4,7.9,3.0,251.1
Female,Rural,1.8,7.8,3.4,129.5
Female,Rural,2.7,7.1,3.9,200.9
Female,Rural,1.4,7.3,5.6,141.3
Female,Rural,1.6,7.0,6.9,120.0
Female,Rural,0.8,7.2,7.5,227.8
Female,Rural,2.3,8.4,2.7,92.1
Female,Rural,1.4,7.0,4.7,155.2
Female,Rural,2.1,7.8,6.7,118.4
Female,Rural,2.6,7.2,4.0,125.6
Female,Rural,1.7,7.9,2.2,190.6
Female,Rural,0.8,8.0,7.8,17.8
Female,Rural,0.2,6.5,6.6,122.7
Female,Rural,1.2,6.9,5.6,178.9
Female,Rural,1.2,7.6,4.3,172.2
Female,Rural,2.6,7.2,2.4,136.2
Female,Rural,1.1,6.8,4.7,131.6
Female,Rural,1.3,8.4,3.9,169.3
Female,Rural,2.0,7.6,3.5,80.7
Female,Rural,1.6,8.4,4.0,101.0
Female,Rural,2.0,7.5,4.0,109.6
Female,Rural,2.4,7.7,5.8,148.5
Female,Rural,2.0,7.8,3.2,189.4
Female,Rural,0.9,5.9,6.9,179.4
Female,Rural,1.6,6.6,6.8,83.0
Female,Rural,2.2,8.0,4.3,214.9
Female,Rural,1.1,7.8,5.1,242.6
Female,Rural,1.3,7.6,6.3,89.1
Female,Rural,1.2,7.4,4.6,160.4
Female,Rural,1.4,7.7,1.9,159.7
Female,Rural,1.4,7.1,6.5,140.7
Female,Rural,2.9,6.7,5.1,131.6
Female,Rural,1.9,6.7,5.0,185.4
Female,Rural,2.0,7.9,3.9,69.6
Female,Rural,1.6,7.1,4.4,195.3
Female,Rural,0.5,7.0,2.9,147.7
Female,Rural,0.9,6.8,5.7,141.2
Female,Rural,1.3,7.3,6.1,209.5
Female,Rural,1.3,6.6,8.1,162.6
Female,Rural,1.4,7.7,4.1,209.0
Female,Rural,2.6,8.4,2.4,172.0
Female,Rural,2.8,8.2,2.5,144.3
Female,Rural,1.1,7.6,5.7,139.3
Female,Rural,1.1,6.6,7.2,157.6
Female,Rural,1.5,6.7,6.5,103.1
Female,Rural,1.4,7.7,4.0,107.1
Female,Rural,0.8,7.3,6.3,99.5
Female,Rural,1.0,8.1,3.5,199.0
Female,Rural,2.5,7.5,4.6,186.6
Female,Rural,1.5,7.2,3.7,113.9
Female,Rural,2.5,7.8,5.2,208.0
Female,Rural,1.7,7.2,6.4,27.6
Female,Rural,0.4,6.5,8.1,136.5
Female,Rural,2.5,7.5,4.2,221.1
Female,Rural,2.4,7.2,5.3,156.1
Female,Rural,1.9,7.5,3.2,257.0
Female,Rural,2.4,6.9,4.0,141.0
Female,Rural,2.2,7.7,2.8,143.9
Female,Rural,1.0,7.9,3.2,95.4
Female,Rural,2.0,7.0,5.0,199.0
Female,Rural,1.6,7.9,3.6,91.5
Female,Rural,3.8,6.5,3.7,122.0
Female,Rural,1.0,8.0,7.0,209.7
Female,Rural,1.9,7.9,3.5,201.3
Female,Rural,1.2,7.2,5.1,60.3
Female,Rural,0.9,7.0,2.8,145.2
Female,Rural,1.5,8.2,3.9,130.8
Female,Rural,2.6,8.4,2.7,149.4
Female,Rural,1.5,7.9,4.8,201.2
Female,Rural,2.9,8.0,3.4,152.3
Female,Rural,2.8,7.7,4.2,150.0
Female,Rural,0.9,7.2,8.3,191.2
Female,Rural,1.1,6.8,6.8,152.7
Female,Rural,1.6,7.3,5.7,60.2
Female,Rural,1.2,7.7,6.0,88.1
Female,Rural,1.2,7.4,5.1,202.2
Female,Rural,1.2,8.7,3.2,158.4
Female,Rural,3.1,8.1,2.8,134.8
Female,Rural,2.3,7.4,3.9,48.7
Female,Rural,1.8,8.5,3.8,180.0
Female,Rural,1.0,7.0,5.9,212.5
Female,Rural,3.2,7.4,5.6,103.3
Female,Rural,1.6,7.9,3.6,175.0
Female,Rural,2.2,7.5,1.3,216.5
Female,Rural,0.6,6.1,8.3,123.8
Female,Rural,2.8,7.5,3.4,149.9
Female,Rural,3.5,7.0,2.9,86.8
Female,Rural,0.8,6.6,6.6,217.3
Female,Rural,1.9,7.5,4.1,176.1
Female,Rural,2.2,6.8,1.0,144.3
Female,Rural,1.9,7.9,1.0,108.5
Female,Rural,1.2,6.7,7.4,236.1
Female,Rural,1.8,7.2,3.7,155.7
Female,Rural,0.9,7.5,4.8,148.4
Female,Rural,1.5,7.7,5.1,98.2
Female,Rural,1.0,6.7,4.4,196.9
Female,Rural,2.2,7.8,4.4,158.2
Female,Rural,2.3,6.5,3.0,133.1
Female,Rural,1.3,7.1,9.1,104.6
Female,Rural,0.8,8.1,3.8,115.0
Female,Rural,2.4,8.5,4.1,93.2
Female,Rural,3.1,7.2,4.2,105.9
Female,Rural,2.2,8.1,2.3,208.7
Female,Rural,2.1,7.5,1.3,177.7
Female,Rural,1.1,7.2,8.2,216.2
Female,Rural,1.7,6.6,5.4,228.4
Female,Rural,1.1,6.7,5.7,159.0
Female,Rural,1.8,7.5,2.8,176.4
Female,Rural,1.1,7.8,2.7,205.3
Female,Rural,2.6,7.2,3.2,72.2
Female,Rural,0.7,8.2,2.1,98.8
Female,Rural,2.5,8.0,3.5,126.9
Female,Rural,1.4,8.6,2.4,117.7
Female,Rural,0.9,7.6,7.2,173.7
Female,Rural,1.1,6.9,6.9,152.2
Female,Rural,2.5,7.8,3.6,200.3
Female,Rural,1.4,7.4,4.6,161.6
Female,Rural,1.5,7.5,6.6,103.6
Female,Rural,2.2,8.0,3.9,187.2
Female,Rural,1.2,7.6,4.4,126.8
Female,Rural,0.3,8.1,7.6,81.0
Female,Rural,2.2,6.9,7.0,189.5
Female,Rural,1.3,6.5,6.8,134.2
Female,Rural,1.6,7.7,6.6,122.5
Female,Rural,1.5,7.5,7.5,167.6
Female,Rural,1.3,7.1,5.3,209.5
Female,Rural,1.0,7.7,6.4,78.0
Female,Rural,1.0,7.7,4.5,180.3
Female,Rural,1.0,6.6,7.3,57.6
Female,Rural,3.1,7.8,1.9,72.4
Female,Rural,2.2,7.2,2.0,147.9
Female,Rural,1.1,7.5,4.3,140.2
Female,Rural,1.7,7.2,6.7,181.4
Female,Rural,1.4,5.9,7.1,156.5
Female,Rural,0.5,6.4,8.0,233.9
Female,Rural,1.4,6.7,7.6,178.9
Female,Rural,0.9,7.6,3.0,204.4
Female,Rural,2.0,7.4,4.5,32.3
Female,Rural,1.0,7.7,4.1,106.3
Female,Rural,0.5,8.2,4.4,82.2
Female,Rural,1.1,7.0,5.4,243.8
Female,Rural,1.0,7.6,7.0,107.5
Female,Rural,1.6,7.9,3.6,96.5
Female,Rural,1.6,7.5,4.4,108.4
Female,Rural,0.8,7.1,5.3,178.1
Female,Rural,1.4,7.3,4.6,118.5
Female,Rural,1.5,7.1,6.8,56.9
Female,Rural,1.7,7.3,6.3,128.8
Female,Rural,1.6,6.8,4.1,124.1
Female,Rural,1.2,8.1,6.1,126.3
Female,Rural,1.9,7.1,9.4,100.8
Female,Rural,2.6,7.6,1.0,123.6
Female,Rural,1.0,7.2,5.0,99.3
Female,Rural,0.6,6.4,9.3,152.2
Female,Rural,2.6,7.8,5.5,164.9
Female,Rural,2.6,7.3,2.9,123.9
Female,Rural,1.0,7.7,6.3,83.0
Female,Rural,1.4,7.8,5.0,62.9
Female,Rural,1.0,7.5,5.8,202.3
Female,Rural,2.8,8.2,1.3,88.2
Female,Rural,2.9,7.0,4.9,137.9
Female,Rural,1.2,7.0,7.9,151.3
Female,Rural,1.5,7.8,5.4,182.9
Female,Rural,1.4,7.0,7.9,188.6
Female,Rural,2.3,7.5,5.1,112.2
Female,Rural,2.1,7.9,4.6,188.9
Female,Rural,2.6,7.8,4.1,148.3
Female,Rural,3.3,7.4,2.3,55.2
Female,Rural,2.4,8.2,3.8,177.8
Female,Rural,1.8,7.4,4.9,52.6
Female,Rural,1.2,7.6,6.7,45.0
Female,Rural,1.7,7.5,3.4,126.8
Female,Rural,2.0,7.2,5.0,153.3
Female,Rural,3.4,6.9,4.5,96.4
Female,Rural,3.1,7.7,2.2,134.9
Female,Rural,3.3,7.6,4.5,149.9
Female,Rural,2.1,7.9,1.9,233.7
Female,Rural,2.2,6.9,2.5,239.1
Female,Rural,0.7,7.0,5.0,167.8
Female,Rural,1.6,7.4,5.5,124.8
Female,Rural,1.3,7.6,4.9,184.7
Female,Rural,1.6,8.1,2.6,78.7
Female,Rural,1.0,7.3,7.1,144.7
Female,Rural,0.7,7.3,4.4,71.6
Female,Rural,1.4,7.6,3.2,114.7
Female,Rural,2.0,8.1,2.1,148.1
Female,Rural,1.7,7.3,6.4,197.0
Female,Rural,1.4,5.8,6.8,264.1
Female,Rural,0.8,7.8,6.9,170.7
Female,Rural,1.3,7.1,5.6,103.4
Female,Rural,1.5,8.0,2.9,182.3
Female,Rural,2.3,7.6,3.1,88.5
Female,Rural,1.5,7.0,10.0,193.5
Female,Rural,0.4,7.0,7.5,151.7
Female,Rural,2.2,6.6,5.7,104.6
Female,Rural,1.1,7.7,2.2,163.8
Female,Rural,0.9,6.7,6.4,190.4
Female,Rural,1.1,7.5,6.5,130.0
Female,Rural,1.5,8.2,4.0,169.7
Female,Rural,1.8,7.8,5.5,142.5
Female,Rural,1.2,7.8,5.6,109.2
Female,Rural,1.2,7.4,4.1,179.7
Female,Rural,3.3,7.5,2.3,146.6
Female,Rural,1.9,8.0,5.3,95.3
Female,Rural,1.5,8.1,4.1,128.9
Female,Rural,1.9,6.9,2.6,176.6
Female,Rural,1.7,7.1,3.0,127.5
Female,Rural,1.4,6.5,6.2,121.3
Female,Rural,1.4,6.8,4.1,136.4
Female,Rural,0.3,7.3,6.0,133.7
Female,Rural,1.2,8.1,8.4,104.6
Female,Rural,1.0,7.9,6.9,67.1
Female,Rural,1.3,7.6,7.2,154.0
Female,Rural,1.1,7.5,5.2,117.1
Female,Rural,1.1,8.0,7.2,190.4
Female,Rural,1.3,7.7,5.5,89.1
Female,Rural,2.0,7.2,7.9,137.0
Female,Rural,1.7,6.9,3.8,98.0
Female,Rural,2.7,7.5,4.2,135.6
Female,Rural,1.6,6.9,6.3,82.1
Female,Rural,1.0,7.1,5.4,72.7
Female,Rural,0.5,6.9,4.9,214.6
Female,Rural,1.6,7.4,2.2,98.0
Female,Rural,1.0,7.4,3.6,160.5
Female,Rural,1.9,7.7,3.7,73.8
Female,Rural,0.6,8.2,4.4,115.7
Female,Rural,1.4,7.7,5.7,170.3
Female,Rural,1.2,6.9,5.3,163.0
Female,Rural,1.4,7.6,5.4,193.0
Female,Rural,1.5,6.9,6.6,65.1
Female,Rural,0.9,6.7,4.8,96.7
Female,Rural,1.4,8.0,5.0,116.1
Female,Rural,1.4,7.9,5.7,58.7
Female,Rural,1.3,7.6,6.4,75.3
Female,Rural,1.3,8.6,4.7,145.8
Female,Rural,1.0,6.9,5.4,192.3
Female,Rural,2.0,7.7,3.0,53.9
Female,Rural,1.5,7.3,4.3,104.8
Female,Rural,0.5,7.8,7.3,87.8
Female,Rural,1.2,7.4,7.4,55.2
Female,Rural,1.2,7.4,4.0,201.9
Female,Rural,1.9,6.6,4.3,184.1
Female,Rural,0.5,6.6,9.8,137.8
Female,Rural,1.1,6.8,6.4,35.5
Female,Rural,1.9,8.1,2.5,185.5
Female,Rural,0.8,7.0,4.6,52.6
Female,Suburban,0.7,5.8,10.0,129.5
Female,Suburban,1.8,6.9,5.6,241.5
Female,Suburban,2.0,6.2,5.6,168.6
Female,Suburban,1.0,7.3,4.1,152.0
Female,Suburban,2.3,7.7,1.8,264.7
Female,Suburban,2.2,7.9,4.1,97.2
Female,Suburban,1.5,7.5,6.2,87.2
Female,Suburban,2.2,7.6,2.8,53.2
Female,Suburban,2.9,7.3,4.3,197.3
Female,Suburban,1.3,6.8,6.5,210.9
Female,Suburban,1.5,7.3,6.4,98.1
Female,Suburban,1.0,7.5,7.1,151.8
Female,Suburban,2.5,7.7,3.5,188.6
Female,Suburban,1.4,7.3,5.4,233.9
Female,Suburban,0.7,7.0,7.6,222.6
Female,Suburban,1.8,7.6,9.0,177.2
Female,Suburban,1.0,7.2,8.6,183.7
Female,Suburban,1.4,7.4,3.9,127.3
Female,Suburban,2.8,7.3,1.0,146.6
Female,Suburban,1.8,6.1,7.4,124.3
Female,Suburban,0.7,6.9,9.0,206.1
Female,Suburban,2.2,8.1,3.8,0.0
Female,Suburban,1.6,7.1,2.5,151.3
Female,Suburban,1.3,7.0,3.9,210.6
Female,Suburban,0.7,6.9,9.6,19.0
Female,Suburban,1.2,7.6,2.8,309.5
Female,Suburban,1.9,6.9,5.0,112.8
Female,Suburban,1.6,6.9,7.6,145.5
Female,Suburban,1.8,7.4,2.8,114.2
Female,Suburban,2.2,7.5,5.4,95.8
Female,Suburban,2.8,7.6,2.3,67.7
Female,Suburban,0.8,7.3,5.8,198.3
Female,Suburban,1.0,6.4,7.4,141.0
Female,Suburban,0.9,7.2,7.7,149.3
Female,Suburban,2.4,7.8,1.4,124.7
Female,Suburban,0.9,6.9,5.4,152.4
Female,Suburban,1.2,7.6,6.9,212.7
Female,Suburban,2.4,8.1,1.0,153.6
Female,Suburban,2.0,7.2,2.7,72.6
Female,Suburban,1.8,7.4,6.1,212.5
Female,Suburban,0.7,7.8,4.3,69.8
Female,Suburban,0.8,8.2,5.1,139.6
Female,Suburban,2.1,7.3,4.9,258.3
Female,Suburban,3.0,7.5,2.3,190.2
Female,Suburban,1.1,7.6,7.7,124.9
Female,Suburban,1.3,6.8,5.4,205.3
Female,Suburban,1.7,8.5,2.7,212.0
Female,Suburban,2.8,7.8,4.7,134.6
Female,Suburban,0.7,7.6,6.7,175.7
Female,Suburban,1.2,6.8,3.5,189.1
Female,Suburban,1.4,6.5,6.8,141.7
Female,Suburban,1.2,8.1,4.2,81.6
Female,Suburban,1.8,7.7,6.3,91.3
Female,Suburban,2.6,8.7,1.4,48.4
Female,Suburban,2.3,7.8,3.1,164.1
Female,Suburban,3.1,7.9,4.0,161.5
Female,Suburban,1.5,7.3,2.6,160.7
Female,Suburban,1.4,7.0,7.2,95.4
Female,Suburban,1.7,8.3,3.8,67.1
Female,Suburban,2.3,8.1,4.6,103.9
Female,Suburban,1.9,8.0,1.1,252.2
Female,Suburban,1.0,6.1,6.9,235.9
Female,Suburban,0.9,7.4,5.3,212.1
Female,Suburban,3.3,6.4,3.9,104.2
Female,Suburban,0.9,6.8,5.1,83.7
Female,Suburban,0.1,7.0,5.0,101.4
Female,Suburban,1.2,6.3,7.8,0.0
Female,Suburban,3.1,6.6,1.0,162.6
Female,Suburban,0.5,8.3,6.1,154.0
Female,Suburban,2.4,8.2,4.1,86.3
Female,Suburban,1.7,7.1,5.1,183.5
Female,Suburban,1.2,6.9,5.3,165.0
Female,Suburban,1.3,6.9,5.4,105.6
Female,Suburban,2.0,7.5,1.5,79.9
Female,Suburban,1.0,6.1,9.7,221.0
Female,Suburban,2.7,7.5,3.4,193.4
Female,Suburban,1.7,6.9,7.9,248.8
Female,Suburban,1.4,6.3,4.9,200.3
Female,Suburban,0.9,6.8,8.3,221.8
Female,Suburban,1.2,8.1,5.1,162.3
Female,Suburban,3.0,7.4,1.2,160.1
Female,Suburban,1.9,8.0,4.5,170.7
Female,Suburban,1.8,7.1,6.7,84.8
Female,Suburban,2.0,7.5,2.9,178.8
Female,Suburban,1.6,7.7,4.4,187.4
Female,Suburban,1.3,7.7,6.3,164.3
Female,Suburban,1.9,7.4,4.4,87.8
Female,Suburban,1.8,7.4,6.0,143.6
Female,Suburban,1.9,7.9,2.7,88.5
Female,Suburban,1.6,6.6,5.2,205.7
Female,Suburban,2.0,7.3,5.9,192.7
Female,Suburban,1.2,6.8,4.5,181.3
Female,Suburban,1.1,8.8,3.9,33.6
Female,Suburban,1.2,7.1,5.5,174.6
Female,Suburban,1.1,6.4,9.0,146.7
Female,Suburban,0.7,7.2,7.4,63.5
Female,Suburban,1.4,8.2,4.6,134.4
Female,Suburban,1.4,8.2,3.4,137.8
Female,Suburban,0.9,7.5,3.3,124.0
Female,Suburban,1.2,6.4,5.4,117.9
Female,Suburban,2.8,7.0,3.6,136.7
Female,Suburban,2.1,7.3,3.7,180.2
Female,Suburban,2.9,7.7,4.8,66.2
Female,Suburban,1.5,7.4,5.7,63.4
Female,Suburban,1.5,8.2,4.3,77.4
Female,Suburban,3.1,6.5,4.7,225.9
Female,Suburban,2.9,6.9,5.2,132.7
Female,Suburban,2.6,8.1,3.4,59.3
Female,Suburban,2.6,6.7,4.8,162.5
Female,Suburban,1.6,7.2,3.2,114.9
Female,Suburban,1.6,6.3,8.9,167.1
Female,Suburban,1.1,7.7,7.3,98.0
Female,Suburban,0.8,6.3,7.2,152.5
Female,Suburban,2.1,7.7,2.6,148.4
Female,Suburban,2.0,6.7,3.5,140.1
Female,Suburban,2.6,7.3,3.7,102.0
Female,Suburban,1.0,6.9,5.4,138.3
Female,Suburban,1.0,7.3,6.1,189.9
Female,Suburban,3.6,7.5,3.6,75.1
Female,Suburban,1.0,6.5,6.1,133.2
Female,Suburban,1.3,7.8,3.4,132.1
Female,Suburban,0.9,8.1,2.4,183.6
Female,Suburban,1.1,7.6,5.3,219.5
Female,Suburban,2.2,8.2,3.1,212.3
Female,Suburban,2.3,6.5,3.8,149.7
Female,Suburban,1.5,6.7,2.9,100.0
Female,Suburban,0.8,7.1,5.7,250.3
Female,Suburban,1.6,7.2,4.9,161.8
Female,Suburban,0.4,8.0,3.5,82.2
Female,Suburban,1.1,7.3,7.1,124.6
Female,Suburban,0.4,7.0,4.9,171.8
Female,Suburban,2.1,7.1,5.4,60.8
Female,Suburban,1.1,7.3,6.9,146.6
Female,Suburban,1.7,7.5,1.1,124.2
Female,Suburban,0.7,7.5,5.7,247.6
Female,Suburban,1.7,6.5,5.3,71.8
Female,Suburban,0.5,7.9,5.5,122.4
Female,Suburban,1.1,8.4,6.3,0.0
Female,Suburban,1.3,6.4,8.4,148.3
Female,Suburban,1.5,6.5,3.6,132.4
Female,Suburban,1.9,6.6,4.2,112.1
Female,Suburban,1.3,6.3,5.5,182.7
Female,Suburban,0.4,7.8,8.9,54.1
Female,Suburban,1.5,7.1,6.5,168.2
Female,Suburban,2.3,7.2,2.3,122.1
Female,Suburban,1.1,7.9,7.4,327.9
Female,Suburban,2.0,6.8,2.7,154.1
Female,Suburban,2.1,8.1,2.4,165.8
Female,Suburban,1.7,7.8,5.4,90.3
Female,Suburban,1.5,7.3,2.8,168.3
Female,Suburban,1.0,7.7,5.5,176.1
Female,Suburban,1.9,7.7,5.5,170.1
Female,Suburban,2.1,7.6,2.6,144.4
Female,Suburban,1.3,8.5,3.7,107.4
Female,Suburban,1.3,7.5,5.9,177.4
Female,Suburban,1.2,7.4,5.1,104.9
Female,Suburban,1.7,7.8,5.1,141.7
Female,Suburban,2.0,7.1,4.3,114.6
Female,Suburban,1.9,7.6,5.9,59.4
Female,Suburban,2.8,8.9,1.4,128.1
Female,Suburban,1.4,7.6,4.1,150.1
Female,Suburban,1.7,6.6,7.2,58.3
Female,Suburban,0.6,7.2,6.4,126.5
Female,Suburban,1.4,6.6,6.0,207.6
Female,Suburban,1.4,7.7,5.5,169.0
Female,Suburban,2.7,7.5,1.0,103.9
Female,Suburban,1.4,7.3,5.2,223.9
Female,Suburban,0.6,6.5,7.5,134.3
Female,Suburban,1.2,6.7,5.9,203.6
Female,Suburban,1.6,7.6,3.1,184.7
Female,Suburban,2.2,7.1,4.3,123.5
Female,Suburban,1.4,6.4,10.0,196.6
Female,Suburban,0.3,7.6,6.8,214.4
Female,Suburban,1.4,6.2,8.0,169.6
Female,Suburban,2.0,7.6,6.5,77.8
Female,Suburban,3.0,8.3,3.1,150.8
Female,Suburban,1.2,7.7,5.1,125.5
Female,Suburban,1.2,7.6,3.2,247.1
Female,Suburban,1.6,7.2,9.4,122.4
Female,Suburban,2.9,7.3,4.1,118.1
Female,Suburban,2.0,7.3,6.2,191.3
Female,Suburban,0.7,6.4,8.2,142.0
Female,Suburban,0.6,7.5,9.0,172.8
Female,Suburban,3.4,7.7,2.2,107.9
Female,Suburban,2.4,7.7,4.5,107.9
Female,Suburban,1.8,7.9,4.7,101.8
Female,Suburban,1.4,6.6,4.0,170.0
Female,Suburban,2.2,7.4,3.7,226.7
Female,Suburban,1.6,8.0,4.6,186.0
Female,Suburban,1.7,8.2,1.0,118.0
Female,Suburban,1.1,6.8,5.9,172.1
Female,Suburban,1.1,7.6,7.0,184.2
Female,Suburban,2.1,8.7,3.0,182.2
Female,Suburban,1.5,7.3,4.2,261.4
Female,Suburban,1.9,6.9,4.6,188.9
Female,Suburban,1.1,7.5,6.2,125.5
Female,Suburban,3.2,7.0,3.3,181.5
Female,Suburban,1.2,7.6,2.7,227.9
Female,Suburban,1.0,7.0,7.6,111.3
Female,Suburban,1.0,7.6,5.9,177.3
Female,Suburban,1.5,6.9,9.9,182.1
Female,Suburban,1.2,7.4,5.7,82.7
Female,Suburban,1.3,7.2,4.7,93.2
Female,Suburban,1.7,7.2,3.6,186.2
Female,Suburban,3.1,6.3,5.3,119.8
Female,Suburban,1.7,6.7,4.7,171.6
Female,Suburban,1.2,6.6,6.3,151.3
Female,Suburban,3.4,8.0,2.5,168.0
Female,Suburban,1.5,6.6,6.1,115.3
Female,Suburban,0.7,7.0,3.0,107.5
Female,Suburban,0.8,6.5,6.6,207.1
Female,Suburban,0.9,8.4,5.2,194.4
Female,Suburban,1.0,7.4,6.6,212.3
Female,Suburban,2.5,7.6,3.4,139.0
Female,Suburban,1.2,7.5,5.7,108.5
Female,Suburban,3.6,6.9,1.6,104.5
Female,Suburban,3.0,8.0,2.7,122.0
Female,Suburban,1.1,7.3,3.7,19.4
Female,Suburban,3.1,8.3,2.0,184.2
Female,Suburban,2.8,7.3,2.8,86.0
Female,Suburban,1.2,8.3,3.5,86.6
Female,Suburban,0.8,6.6,5.2,161.6
Female,Suburban,2.6,6.9,4.7,149.3
Female,Suburban,2.6,7.7,3.6,33.5
Female,Suburban,1.2,7.3,4.9,115.2
Female,Suburban,1.1,7.3,9.0,122.2
Female,Suburban,1.3,7.6,6.5,107.1
Female,Suburban,2.0,7.9,1.0,156.5
Female,Suburban,1.8,6.9,5.4,151.4
Female,Suburban,2.0,7.4,3.7,65.4
Female,Suburban,0.6,7.2,1.9,206.2
Female,Suburban,1.0,7.3,6.8,152.3
Female,Suburban,1.3,7.4,5.2,103.2
Female,Suburban,1.5,7.8,3.7,184.2
Female,Suburban,1.3,7.9,6.7,217.2
Female,Suburban,0.4,7.0,4.5,197.8
Female,Suburban,1.5,6.7,6.2,135.9
Female,Suburban,1.1,6.2,6.9,181.4
Female,Suburban,1.8,7.8,5.3,105.5
Female,Suburban,1.5,6.9,7.2,162.5
Female,Suburban,1.5,7.7,5.8,153.6
Female,Suburban,2.0,6.8,3.8,163.3
Female,Suburban,1.3,7.9,5.5,193.1
Female,Suburban,1.3,6.9,6.6,139.1
Female,Suburban,1.7,7.2,3.8,187.6
Female,Suburban,3.4,9.0,1.0,103.8
Female,Suburban,1.6,7.1,7.6,209.2
Female,Suburban,2.8,7.7,3.6,178.0
Female,Suburban,0.3,6.9,6.1,156.0
Female,Suburban,1.8,7.6,4.1,65.0
Female,Suburban,1.5,6.9,7.8,241.8
Female,Suburban,0.2,7.6,4.6,122.1
Female,Suburban,2.1,7.0,3.4,144.2
Female,Suburban,2.5,8.1,1.4,127.9
Female,Suburban,2.7,7.9,5.5,137.7
Female,Suburban,1.3,7.0,5.1,195.1
Female,Suburban,2.9,7.1,2.1,158.1
Female,Suburban,1.8,7.3,4.9,161.7
Female,Suburban,2.3,7.3,3.5,85.1
Female,Suburban,1.4,7.3,7.5,220.8
Female,Suburban,1.1,7.3,5.8,147.1
Female,Suburban,1.6,6.5,2.6,165.6
Female,Suburban,1.2,8.2,6.5,81.0
Female,Suburban,1.0,7.8,4.6,199.3
Female,Suburban,0.7,7.4,6.5,191.3
Female,Suburban,1.0,6.9,5.0,115.2
Female,Suburban,1.2,7.2,3.3,90.7
Female,Suburban,2.1,7.5,4.3,115.6
Female,Suburban,0.9,8.0,5.0,37.8
Female,Suburban,1.7,7.5,4.4,113.7
Female,Suburban,1.7,7.7,3.5,66.9
Female,Suburban,1.1,6.6,6.3,205.1
Female,Suburban,2.9,8.1,1.9,83.2
Female,Suburban,1.5,8.1,3.3,46.6
Female,Suburban,1.3,7.2,6.0,178.7
Female,Suburban,2.1,7.9,3.7,151.9
Female,Suburban,2.5,7.7,4.0,227.4
Female,Suburban,1.3,6.7,4.9,191.6
Female,Suburban,2.1,8.2,4.6,67.3
Female,Suburban,2.9,7.6,2.8,212.6
Female,Suburban,1.3,6.7,6.0,172.5
Female,Suburban,2.9,8.2,1.7,87.2
Female,Suburban,0.5,6.9,5.0,202.8
Female,Suburban,2.5,7.6,2.6,128.8
Female,Suburban,0.8,7.3,8.4,128.5
Female,Suburban,1.4,7.6,4.2,104.4
Female,Suburban,2.1,7.0,6.1,130.8
Female,Suburban,2.4,7.8,1.0,159.3
Female,Suburban,1.0,6.9,5.6,94.8
Female,Suburban,1.9,8.4,1.8,147.4
Female,Suburban,1.9,7.8,5.5,116.1
Female,Suburban,1.9,7.8,4.6,140.9
Female,Suburban,1.1,7.8,5.3,63.8
Female,Suburban,0.8,7.7,4.8,132.9
Female,Suburban,2.1,8.1,4.5,86.5
Female,Suburban,2.8,7.9,2.5,105.4
Female,Suburban,2.2,7.5,2.3,195.2
Female,Suburban,3.1,7.7,2.4,105.0
Female,Suburban,0.1,6.6,6.2,216.0
Female,Suburban,2.2,7.4,2.7,57.9
Female,Suburban,1.1,7.9,5.5,69.5
Female,Suburban,1.7,9.0,2.4,158.0
Female,Suburban,2.0,8.1,5.8,54.9
Female,Suburban,1.9,7.9,3.4,244.2
Female,Suburban,2.4,7.4,3.5,140.1
Female,Suburban,0.9,7.9,4.5,153.8
Female,Suburban,2.7,6.8,2.5,150.9
Female,Suburban,2.1,7.1,5.0,139.8
Female,Suburban,0.9,7.7,6.9,141.8
Female,Suburban,2.8,7.8,1.0,95.3
Female,Suburban,0.8,8.2,5.4,147.9
Female,Suburban,3.1,8.0,4.5,127.4
Female,Suburban,1.6,7.5,4.6,105.1
Female,Suburban,2.5,7.7,3.4,150.7
Female,Suburban,0.7,7.6,5.6,196.0
Female,Suburban,1.7,8.0,1.9,158.1
Female,Suburban,2.8,7.3,2.5,150.6
Female,Suburban,0.8,6.7,10.0,94.1
Female,Suburban,0.7,6.7,2.9,105.1
Female,Suburban,1.9,7.8,3.2,155.4
Female,Suburban,0.5,6.5,3.9,206.9
Female,Suburban,1.2,7.5,5.0,76.4
Female,Suburban,1.6,6.2,5.3,222.8
Female,Suburban,1.2,7.0,4.8,116.9
Female,Suburban,1.1,7.5,7.6,103.9
Female,Suburban,1.2,7.3,4.9,81.0
Female,Suburban,1.0,8.0,4.4,142.5
Female,Suburban,0.8,7.7,5.7,110.0
Female,Suburban,1.0,7.9,5.9,98.8
Female,Suburban,1.1,7.6,5.9,161.7
Female,Suburban,2.2,8.2,1.0,133.3
Female,Suburban,1.8,7.6,6.9,115.7
Female,Suburban,2.5,8.2,2.3,143.6
Female,Suburban,1.6,7.9,2.2,132.7
Female,Suburban,1.3,7.2,7.0,178.6
Female,Suburban,2.1,7.4,5.3,181.7
Female,Suburban,1.8,7.3,4.9,130.5
Female,Suburban,0.7,7.5,4.6,179.3
Female,Suburban,3.1,8.3,1.0,143.2
Female,Suburban,1.9,7.6,5.1,129.3
Female,Suburban,0.8,8.1,3.9,153.9
Female,Suburban,0.6,7.3,3.1,192.1
Female,Suburban,1.4,7.6,2.7,128.9
Female,Suburban,1.3,8.3,2.6,127.7
Female,Suburban,0.9,7.5,6.4,154.9
Female,Suburban,0.9,7.1,6.9,222.5
Female,Suburban,1.0,7.7,7.0,165.4
Female,Suburban,1.0,7.9,4.7,92.7
Female,Suburban,2.9,7.8,3.4,36.2
Female,Suburban,1.6,7.1,4.1,133.9
Female,Suburban,0.5,6.8,8.0,155.4
Female,Suburban,2.1,7.2,2.4,146.0
Female,Suburban,2.4,7.6,3.4,172.7
Female,Suburban,2.0,6.5,3.9,181.8
Female,Suburban,2.3,8.2,4.2,133.4
Female,Suburban,1.1,7.4,7.2,143.9
Female,Suburban,1.2,6.8,7.5,242.7
Female,Suburban,0.9,7.0,6.7,86.9
Female,Suburban,0.9,6.9,9.1,189.7
Female,Suburban,1.7,6.9,7.1,166.9
Female,Suburban,0.9,7.4,6.8,63.3
Female,Suburban,1.4,6.6,4.2,225.6
Female,Suburban,1.6,6.8,7.2,205.1
Female,Suburban,1.6,7.4,6.8,151.6
Female,Suburban,0.5,7.5,7.5,116.0
Female,Suburban,0.5,7.0,7.8,197.0
Female,Suburban,0.7,7.2,6.7,151.1
Female,Suburban,1.4,6.8,5.5,123.7
Female,Suburban,2.3,7.5,2.8,142.4
Female,Suburban,1.4,7.1,3.0,73.4
Female,Suburban,1.4,6.9,4.8,236.9
Female,Suburban,0.8,7.3,5.1,131.2
Female,Suburban,1.2,7.0,5.4,196.7
Female,Suburban,1.1,7.9,5.2,60.7
Female,Suburban,1.9,8.2,4.9,173.9
Female,Suburban,0.7,7.2,5.9,164.8
Female,Suburban,1.5,7.2,7.0,74.0
Female,Suburban,1.3,7.9,5.4,124.6
Female,Suburban,1.0,8.3,4.6,150.6
Female,Suburban,1.8,7.8,4.4,148.7
Female,Suburban,1.1,7.1,6.2,200.4
Female,Suburban,2.9,7.3,3.1,91.4
Female,Suburban,1.1,6.6,6.5,159.9
Female,Suburban,0.7,7.0,5.0,148.1
Female,Suburban,3.2,7.6,1.7,174.3
Female,Suburban,3.0,7.6,2.3,150.7
Female,Suburban,2.2,7.7,4.9,157.8
Female,Suburban,2.7,8.1,1.7,123.8
Female,Suburban,2.7,7.5,1.8,150.6
Female,Suburban,2.5,7.2,3.2,190.5
Female,Suburban,1.1,6.9,3.4,160.3
Female,Suburban,1.1,7.2,6.6,131.6
Female,Suburban,1.4,7.7,4.3,67.5
Female,Suburban,1.0,7.5,3.7,111.2
Female,Suburban,0.4,6.8,9.3,143.2
Female,Suburban,2.6,8.1,2.4,95.6
Female,Suburban,1.1,7.3,7.6,156.9
Female,Suburban,0.7,6.8,5.0,130.5
Female,Suburban,0.8,7.6,6.7,140.5
Female,Suburban,2.0,8.2,3.3,120.0
Female,Suburban,0.0,7.3,7.9,175.3
Female,Suburban,1.1,7.7,6.2,99.2
Female,Suburban,1.5,7.3,8.3,134.1
Female,Suburban,1.9,7.7,8.3,43.2
Female,Suburban,0.9,7.1,4.3,136.5
Female,Suburban,2.4,7.4,2.4,166.8
Female,Suburban,1.2,7.4,5.8,60.9
Female,Suburban,2.0,7.1,3.7,162.2
Female,Suburban,1.5,6.6,7.0,181.5
Female,Suburban,2.3,6.8,3.4,232.0
Female,Suburban,1.0,6.7,7.0,127.3
Female,Suburban,0.8,7.5,5.2,92.6
Female,Suburban,2.6,7.3,1.6,173.7
Female,Suburban,0.9,6.4,6.2,64.9
Female,Suburban,0.9,6.9,4.9,222.2
Female,Suburban,1.5,7.6,4.4,145.4
Female,Suburban,0.8,7.3,9.1,221.0
Female,Suburban,0.6,6.3,7.1,121.1
Female,Suburban,0.7,7.3,7.2,111.5
Female,Suburban,1.3,8.4,3.1,161.6
Female,Suburban,0.7,8.0,4.7,78.3
Female,Suburban,1.6,7.0,5.7,184.2
Female,Suburban,1.1,7.2,5.8,110.7
Female,Suburban,2.0,7.9,1.9,134.7
Female,Suburban,1.2,7.5,5.6,115.1
Female,Suburban,2.7,7.2,2.9,122.1
Female,Suburban,1.6,6.8,6.2,188.1
Female,Suburban,1.0,7.1,6.0,147.3
Female,Suburban,1.3,8.1,6.1,118.1
Female,Suburban,2.2,8.5,2.0,69.0
Female,Suburban,1.7,7.2,4.4,182.7
Female,Suburban,2.3,7.4,3.8,160.2
Female,Suburban,1.2,7.6,4.4,139.1
Female,Suburban,1.5,7.4,7.3,161.1
Female,Suburban,1.4,7.2,3.5,131.1
Female,Suburban,1.7,7.7,2.2,83.7
Female,Suburban,0.7,7.6,5.3,151.9
Female,Suburban,0.8,7.5,6.0,72.5
Female,Suburban,1.5,7.5,3.9,80.5
Female,Suburban,2.0,7.9,3.5,68.0
Female,Suburban,0.8,7.2,6.2,193.9
Female,Suburban,1.3,8.1,6.0,118.7
Female,Suburban,2.2,7.9,3.7,171.1
Female,Suburban,0.9,7.4,7.0,151.8
Female,Suburban,1.2,7.7,4.0,25.7
Female,Suburban,0.9,7.4,6.7,51.4
Female,Suburban,2.4,7.0,4.3,201.4
Female,Suburban,2.1,7.5,3.0,149.7
Female,Suburban,1.2,8.0,3.7,174.7
Female,Suburban,3.0,7.6,4.0,153.7
Female,Suburban,1.0,7.1,5.2,112.4
Female,Suburban,1.0,7.3,5.2,51.9
Female,Suburban,1.3,7.7,6.6,98.0
Female,Suburban,0.5,7.0,7.2,125.6
Female,Suburban,2.3,7.2,4.1,74.3
Female,Suburban,1.4,6.6,5.3,189.4
Female,Suburban,1.3,7.8,7.3,129.9
Female,Suburban,1.0,6.5,7.6,130.9
Female,Suburban,2.5,7.3,4.9,220.3
Female,Suburban,2.3,8.3,3.5,92.0
Female,Suburban,0.4,7.5,5.3,180.7
Female,Suburban,1.3,7.2,6.6,180.4
Female,Suburban,0.9,7.1,5.5,114.0
Female,Suburban,1.7,8.3,4.0,153.4
Female,Suburban,1.3,8.4,1.0,131.9
Female,Suburban,0.7,7.0,6.0,170.8
Female,Suburban,2.4,7.7,3.5,175.2
Female,Suburban,0.1,7.8,6.2,118.3
Female,Suburban,1.7,7.3,8.0,97.5
Female,Suburban,0.8,6.6,5.7,172.7
Female,Suburban,1.7,8.2,3.0,148.2
Female,Suburban,2.1,7.2,3.2,133.9
Female,Suburban,2.4,8.0,2.7,151.0
Female,Suburban,1.6,7.9,4.2,35.7
Female,Suburban,1.2,7.5,2.9,139.9
Female,Suburban,1.2,6.9,8.4,123.2
Female,Suburban,1.1,7.7,4.0,136.7
Female,Suburban,2.0,6.6,6.2,155.5
Female,Suburban,1.1,8.3,6.2,109.9
Female,Suburban,1.6,7.3,6.5,98.9
Female,Suburban,1.4,7.7,5.0,107.3
Female,Suburban,2.2,6.5,4.3,173.4
Female,Suburban,1.9,7.3,2.0,220.3
Female,Suburban,1.5,7.1,3.0,109.7
Female,Suburban,1.6,8.2,4.3,121.4
Female,Suburban,1.5,8.3,6.0,138.0
Female,Suburban,1.7,7.8,4.5,129.8
Female,Suburban,2.5,6.9,3.3,151.4
Female,Urban,1.7,7.1,4.3,169.6
Female,Urban,1.6,7.2,7.6,170.2
Female,Urban,3.1,7.3,3.7,176.4
Female,Urban,1.9,7.1,5.5,202.8
Female,Urban,0.9,6.9,10.0,161.8
Female,Urban,1.2,7.7,3.3,140.4
Female,Urban,2.0,6.8,5.8,171.6
Female,Urban,2.3,7.8,1.5,152.3
Female,Urban,1.7,7.1,3.8,107.9
Female,Urban,2.2,6.4,3.9,187.6
Female,Urban,1.8,7.0,6.3,130.2
Female,Urban,1.1,8.0,4.5,93.6
Female,Urban,1.2,7.8,3.6,121.3
Female,Urban,1.8,8.4,3.9,109.5
Female,Urban,2.5,7.1,1.0,122.1
Female,Urban,2.1,7.6,6.5,87.0
Female,Urban,1.1,8.2,6.2,123.6
Female,Urban,2.6,7.3,5.7,196.6
Female,Urban,2.5,7.3,3.7,149.3
Female,Urban,0.9,7.8,5.6,108.6
Female,Urban,0.9,6.7,5.2,254.6
Female,Urban,1.1,7.7,7.5,95.2
Female,Urban,1.4,7.7,6.8,72.4
Female,Urban,1.5,7.2,5.7,197.7
Female,Urban,1.1,6.3,7.4,117.5
Female,Urban,0.9,7.8,6.0,200.5
Female,Urban,2.0,6.9,5.1,202.7
Female,Urban,1.2,7.0,7.9,225.5
Female,Urban,0.9,7.8,6.2,168.9
Female,Urban,1.3,7.0,4.2,83.3
Female,Urban,1.6,7.5,5.2,99.7
Female,Urban,1.5,7.1,5.3,122.3
Female,Urban,1.6,7.1,7.0,99.9
Female,Urban,2.8,8.4,3.3,122.7
Female,Urban,1.6,7.0,3.6,98.0
Female,Urban,1.9,7.3,3.8,97.4
Female,Urban,2.5,7.2,2.9,109.2
Female,Urban,1.6,7.5,6.9,181.3
Female,Urban,1.5,7.2,4.8,153.6
Female,Urban,1.4,7.9,4.3,89.2
Female,Urban,1.4,7.9,5.3,222.1
Female,Urban,1.2,7.5,7.3,113.9
Female,Urban,2.7,7.3,4.2,218.2
Female,Urban,1.4,6.9,7.4,110.1
Female,Urban,1.4,6.2,8.2,229.4
Female,Urban,1.7,8.0,2.8,240.0
Female,Urban,1.3,7.4,7.1,69.6
Female,Urban,1.1,7.3,6.7,114.3
Female,Urban,1.0,7.1,9.2,230.4
Female,Urban,2.2,7.5,1.9,95.1
Female,Urban,0.6,6.7,5.3,173.6
Female,Urban,1.4,7.3,4.1,129.8
Female,Urban,1.6,8.0,2.7,168.6
Female,Urban,1.3,6.9,6.5,87.8
Female,Urban,2.4,7.1,4.4,112.6
Female,Urban,0.6,7.7,6.2,106.8
Female,Urban,1.8,7.1,5.8,206.8
Female,Urban,2.0,8.3,4.5,184.5
Female,Urban,1.5,7.9,4.3,26.6
Female,Urban,1.5,7.5,4.6,137.2
Female,Urban,1.4,6.9,4.8,117.8
Female,Urban,0.9,7.0,5.4,107.6
Female,Urban,1.0,6.9,7.3,92.6
Female,Urban,2.6,8.0,1.9,200.3
Female,Urban,1.4,7.3,6.2,129.7
Female,Urban,1.2,6.3,6.6,207.5
Female,Urban,1.4,6.3,6.1,217.1
Female,Urban,0.5,7.3,5.0,188.5
Female,Urban,2.3,7.6,1.8,86.7
Female,Urban,1.6,7.7,4.8,137.9
Female,Urban,1.0,8.3,5.1,103.2
Female,Urban,1.2,8.1,2.9,154.6
Female,Urban,2.3,7.7,4.9,204.2
Female,Urban,1.2,7.0,4.5,118.9
Female,Urban,1.2,7.0,7.7,268.3
Female,Urban,1.8,7.7,5.0,116.8
Female,Urban,1.0,7.3,6.4,110.5
Female,Urban,1.6,7.8,5.9,188.0
Female,Urban,1.3,7.8,3.3,112.3
Female,Urban,2.1,7.7,3.5,67.0
Female,Urban,1.0,7.4,2.8,221.0
Female,Urban,1.3,7.1,5.5,170.1
Female,Urban,2.0,7.3,3.9,156.5
Female,Urban,1.0,6.9,4.6,179.5
Female,Urban,2.0,7.1,5.9,101.5
Female,Urban,2.1,7.2,2.7,138.7
Female,Urban,1.4,6.7,2.0,179.0
Female,Urban,2.1,8.0,2.3,207.3
Female,Urban,1.0,7.1,6.3,221.2
Female,Urban,1.5,7.1,5.3,139.9
Female,Urban,1.1,7.4,5.1,176.3
Female,Urban,1.9,6.8,5.8,107.2
Female,Urban,3.0,7.3,4.9,173.2
Female,Urban,2.6,7.6,4.6,114.6
Female,Urban,1.1,7.0,5.6,107.6
Female,Urban,1.5,6.9,4.8,170.3
Female,Urban,1.2,6.4,6.3,130.6
Female,Urban,1.3,7.9,8.4,164.3
Female,Urban,1.0,7.7,5.1,134.5
Female,Urban,0.8,7.1,5.8,146.1
Female,Urban,2.9,7.8,1.6,230.8
Female,Urban,0.3,7.6,6.2,184.5
Female,Urban,0.7,7.9,4.3,170.7
Female,Urban,1.2,6.5,3.9,160.3
Female,Urban,1.4,8.2,2.1,178.7
Female,Urban,2.7,7.1,3.6,224.7
Female,Urban,1.1,6.2,7.7,153.0
Female,Urban,1.7,8.1,4.0,98.9
Female,Urban,0.4,6.8,6.1,146.8
Female,Urban,1.5,7.6,5.2,141.1
Female,Urban,1.4,7.6,6.1,158.8
Female,Urban,1.3,6.9,5.1,162.7
Female,Urban,0.9,7.8,2.6,241.3
Female,Urban,2.1,7.3,3.4,241.2
Female,Urban,0.8,7.5,4.8,101.5
Female,Urban,1.2,6.9,6.1,49.6
Female,Urban,1.0,7.0,7.8,200.1
Female,Urban,1.0,6.7,5.5,213.2
Female,Urban,1.1,7.3,5.7,197.3
Female,Urban,0.6,7.5,5.5,188.6
Female,Urban,1.8,8.0,8.0,101.9
Female,Urban,0.7,7.5,2.5,152.7
Female,Urban,1.5,6.6,7.0,84.2
Female,Urban,1.5,7.3,5.1,213.1
Female,Urban,0.8,6.4,7.4,160.9
Female,Urban,2.3,7.5,2.6,172.2
Female,Urban,1.4,6.6,9.5,242.5
Female,Urban,1.4,7.4,4.1,226.1
Female,Urban,0.5,7.6,5.4,94.8
Female,Urban,2.0,7.8,4.1,129.4
Female,Urban,0.9,7.2,6.6,89.3
Female,Urban,2.5,7.6,2.4,211.5
Female,Urban,1.4,7.7,7.2,167.6
Female,Urban,1.0,7.2,5.1,178.6
Female,Urban,2.3,7.2,4.4,193.6
Female,Urban,1.9,8.2,6.5,23.3
Female,Urban,1.4,6.9,5.6,175.4
Female,Urban,1.5,7.5,2.8,180.9
Female,Urban,3.0,7.6,3.9,120.5
Female,Urban,0.9,7.2,7.4,156.3
Female,Urban,0.5,6.4,7.7,165.5
Female,Urban,1.4,7.3,5.0,84.0
Female,Urban,2.2,7.7,6.9,120.0
Female,Urban,2.1,7.5,6.9,131.3
Female,Urban,1.1,8.8,5.1,126.4
Female,Urban,2.4,7.0,4.8,168.0
Female,Urban,1.0,7.7,4.9,153.4
Female,Urban,1.6,6.5,5.5,157.3
Female,Urban,2.2,7.8,2.9,206.8
Female,Urban,1.0,7.9,4.4,112.9
Female,Urban,2.1,7.1,6.8,200.7
Female,Urban,1.4,7.5,2.6,151.3
Female,Urban,0.9,6.9,5.6,238.1
Female,Urban,2.7,8.0,2.4,109.5
Female,Urban,2.4,7.4,4.2,116.8
Female,Urban,2.1,8.6,5.5,53.0
Female,Urban,1.0,7.1,5.8,232.0
Female,Urban,2.7,7.8,3.5,134.7
Female,Urban,2.1,7.5,5.4,94.8
Female,Urban,1.8,7.9,2.1,200.5
Female,Urban,0.5,6.9,4.4,155.4
Female,Urban,2.4,7.4,2.2,171.0
Female,Urban,1.1,7.3,6.4,144.0
Female,Urban,1.3,7.1,5.9,216.8
Female,Urban,2.6,7.1,7.2,197.8
Female,Urban,2.9,7.4,3.7,181.1
Female,Urban,0.9,8.2,7.8,87.7
Female,Urban,0.5,7.7,4.9,116.5
Female,Urban,1.1,6.9,6.3,140.9
Female,Urban,3.4,7.9,2.7,150.3
Female,Urban,0.6,7.4,3.2,32.3
Female,Urban,1.0,7.7,4.3,80.3
Female,Urban,1.5,7.2,7.0,145.7
Female,Urban,2.1,8.9,4.2,0.0
Female,Urban,1.8,7.0,4.0,19.1
Female,Urban,1.0,7.7,5.7,177.2
Female,Urban,2.3,7.4,2.0,119.6
Female,Urban,3.4,8.2,3.3,267.3
Female,Urban,1.6,6.7,4.5,152.1
Female,Urban,1.1,6.5,7.7,160.9
Female,Urban,1.3,7.4,4.8,173.9
Female,Urban,1.6,7.5,5.3,124.2
Female,Urban,2.9,7.9,4.1,99.0
Female,Urban,1.4,6.9,5.2,171.4
Female,Urban,0.9,6.2,8.6,121.6
Female,Urban,1.3,7.0,6.4,197.5
Female,Urban,2.2,8.4,2.8,93.5
Female,Urban,1.4,7.4,6.8,144.2
Female,Urban,2.7,7.6,2.8,127.7
Female,Urban,2.7,7.4,5.4,162.5
Female,Urban,1.9,7.2,6.0,136.9
Female,Urban,0.5,8.1,7.4,196.4
Female,Urban,1.4,7.8,3.1,256.4
Female,Urban,2.4,8.2,4.6,51.1
Female,Urban,2.8,7.9,3.0,135.4
Female,Urban,2.5,7.9,1.0,191.9
Female,Urban,0.8,7.6,3.6,69.8
Female,Urban,0.9,7.3,5.0,204.7
Female,Urban,2.9,7.1,1.9,138.5
Female,Urban,1.3,7.9,4.8,130.0
Female,Urban,3.0,7.8,1.4,164.3
Female,Urban,1.9,8.2,3.8,136.8
Female,Urban,0.9,7.4,4.3,223.3
Female,Urban,2.1,7.6,5.4,164.4
Female,Urban,0.9,7.0,6.6,193.0
Female,Urban,2.9,8.1,2.1,89.8
Female,Urban,0.7,7.0,6.7,224.0
Female,Urban,1.8,7.8,4.6,218.3
Female,Urban,1.1,7.8,3.0,80.7
Female,Urban,2.3,7.5,4.1,176.5
Female,Urban,0.8,7.8,10.0,185.6
Female,Urban,2.2,7.3,3.5,149.0
Female,Urban,0.8,7.2,6.3,155.6
Female,Urban,3.3,7.9,2.6,153.4
Female,Urban,1.3,6.7,5.5,184.4
Female,Urban,2.2,7.2,6.5,125.1
Female,Urban,2.1,7.6,1.1,120.9
Female,Urban,1.0,7.2,6.1,154.8
Female,Urban,1.6,8.4,2.0,114.0
Female,Urban,1.5,8.1,6.8,128.3
Female,Urban,1.7,7.2,5.6,230.2
Female,Urban,2.1,7.6,4.9,166.4
Female,Urban,2.4,7.5,4.5,149.9
Female,Urban,1.6,8.0,3.0,90.8
Female,Urban,1.4,6.7,6.9,195.7
Female,Urban,0.8,7.3,6.3,118.9
Female,Urban,1.3,7.1,7.4,103.9
Female,Urban,1.6,6.8,5.8,199.5
Female,Urban,1.0,7.2,4.4,119.7
Female,Urban,0.4,7.7,4.0,160.2
Female,Urban,2.5,6.9,2.0,249.3
Female,Urban,1.5,6.9,2.1,193.1
Female,Urban,1.2,7.1,7.5,98.6
Female,Urban,2.0,7.2,5.2,124.3
Female,Urban,1.9,8.0,3.7,92.7
Female,Urban,1.7,7.7,6.0,94.3
Female,Urban,1.7,7.6,6.4,166.3
Female,Urban,1.3,8.2,6.1,62.8
Female,Urban,1.0,7.5,6.7,169.1
Female,Urban,2.9,7.5,3.5,154.8
Female,Urban,2.4,6.6,5.4,161.1
Female,Urban,1.6,6.8,6.6,93.4
Female,Urban,1.2,7.0,3.3,163.0
Female,Urban,1.1,6.7,6.7,138.6
Female,Urban,1.0,7.1,4.4,234.6
Female,Urban,1.7,7.4,4.5,200.6
Female,Urban,1.1,7.2,4.9,98.1
Female,Urban,3.2,8.0,3.6,140.2
Female,Urban,1.3,8.4,7.9,125.8
Female,Urban,1.3,7.4,6.1,134.0
Female,Urban,2.6,7.7,4.6,106.4
Female,Urban,0.9,7.3,5.3,104.0
Female,Urban,1.3,7.6,4.7,182.9
Female,Urban,2.7,7.6,5.1,84.2
Female,Urban,2.4,8.0,4.7,162.9
Female,Urban,1.1,7.0,6.7,131.1
Female,Urban,0.8,5.5,8.3,211.1
Female,Urban,1.0,6.8,8.0,123.4
Female,Urban,1.5,6.8,5.4,158.4
Female,Urban,1.2,8.1,5.1,50.9
Female,Urban,1.2,7.8,5.1,167.7
Female,Urban,1.6,7.3,3.3,76.3
Female,Urban,2.4,6.8,2.7,199.8
Female,Urban,2.6,7.1,2.5,74.3
Female,Urban,0.6,7.1,3.2,129.3
Female,Urban,1.4,6.9,6.2,147.8
Female,Urban,1.2,7.7,6.5,170.9
Female,Urban,0.7,7.5,7.9,128.3
Female,Urban,2.5,7.5,2.9,169.2
Female,Urban,2.6,8.7,4.4,52.9
Female,Urban,2.2,7.8,1.8,213.5
Female,Urban,1.2,7.1,4.9,75.1
Female,Urban,0.7,6.6,7.3,160.2
Female,Urban,1.2,7.0,8.8,133.9
Female,Urban,1.9,8.1,3.8,156.0
Female,Urban,1.4,7.8,6.0,113.7
Female,Urban,2.7,7.6,3.0,177.0
Female,Urban,1.6,7.4,5.9,129.0
Female,Urban,0.3,8.4,3.4,231.0
Female,Urban,2.0,7.8,2.3,136.0
Female,Urban,0.8,6.4,7.9,109.1
Female,Urban,2.1,7.7,5.1,76.8
Female,Urban,1.6,7.0,5.7,77.0
Female,Urban,1.6,7.0,6.8,101.4
Female,Urban,0.9,7.1,3.5,198.5
Female,Urban,1.5,7.7,3.5,157.8
Female,Urban,1.2,8.2,4.0,178.2
Female,Urban,0.8,7.5,4.0,153.2
Female,Urban,1.7,7.6,3.9,173.0
Female,Urban,0.7,7.4,7.1,212.9
Female,Urban,1.2,7.8,5.8,157.3
Female,Urban,0.5,7.7,5.9,137.7
Female,Urban,3.6,7.5,3.6,114.4
Female,Urban,1.5,7.0,7.5,50.7
Female,Urban,1.8,8.0,3.5,186.2
Female,Urban,0.6,7.8,4.8,41.3
Female,Urban,1.2,7.3,4.8,207.3
Female,Urban,1.6,6.7,5.3,151.6
Female,Urban,0.9,7.5,4.1,124.5
Female,Urban,0.8,7.6,5.2,88.4
Female,Urban,2.1,7.7,1.7,202.3
Female,Urban,1.1,7.2,4.3,153.8
Female,Urban,2.4,7.0,3.7,136.2
Female,Urban,1.0,6.8,6.1,75.3
Female,Urban,1.7,7.8,3.9,47.2
Female,Urban,1.2,6.8,5.7,147.3
Female,Urban,1.5,7.7,5.1,141.3
Female,Urban,1.8,7.4,1.3,155.4
Female,Urban,1.7,7.8,5.2,125.4
Female,Urban,2.0,6.1,6.4,295.5
Female,Urban,0.8,7.2,5.4,151.4
Female,Urban,2.3,8.3,1.0,141.7
Female,Urban,0.7,8.1,2.5,140.7
Female,Urban,0.6,7.0,6.4,130.6
Female,Urban,1.5,6.8,7.9,152.6
Female,Urban,0.8,6.8,8.6,178.5
Female,Urban,0.8,7.2,7.9,259.9
Female,Urban,1.0,8.4,6.2,120.5
Female,Urban,1.7,8.5,4.3,146.5
Female,Urban,1.7,7.1,4.6,133.2
Female,Urban,1.5,7.0,5.9,156.7
Female,Urban,1.6,7.0,6.4,85.7
Female,Urban,3.1,8.0,3.3,132.5
Female,Urban,1.7,8.3,5.7,73.8
Female,Urban,1.8,7.6,3.3,162.9
Female,Urban,2.1,7.6,4.0,187.8
Female,Urban,1.2,7.0,4.7,241.5
Female,Urban,1.1,7.1,5.2,165.1
Female,Urban,1.4,7.8,5.1,165.8
Female,Urban,1.5,7.6,4.9,217.9
Female,Urban,1.6,7.2,5.6,89.4
Female,Urban,1.2,7.1,4.8,151.2
Female,Urban,1.2,8.0,6.0,119.1
Female,Urban,2.5,7.3,2.6,136.4
Female,Urban,1.8,7.8,6.2,138.3
Female,Urban,2.3,7.1,3.0,184.5
Female,Urban,2.2,7.0,2.7,178.2
Female,Urban,1.9,7.2,3.0,153.8
Female,Urban,0.7,6.6,5.9,155.9
Female,Urban,1.7,7.1,5.2,30.4
Female,Urban,0.7,7.9,7.1,77.1
Female,Urban,2.4,8.2,1.9,179.1
Female,Urban,2.2,6.9,2.7,172.1
Female,Urban,2.1,8.2,3.4,129.4
Female,Urban,3.1,7.6,4.7,106.6
Female,Urban,3.2,7.9,1.5,87.6
Female,Urban,1.2,6.5,7.8,166.1
Female,Urban,1.7,7.5,5.1,121.4
Female,Urban,2.3,7.0,5.9,190.1
Female,Urban,0.4,7.7,6.6,175.5
Female,Urban,0.7,7.7,2.7,146.0
Female,Urban,2.0,6.8,7.2,84.8
Female,Urban,0.9,6.9,7.5,212.6
Female,Urban,2.1,8.3,1.1,159.9
Female,Urban,2.3,7.0,5.8,64.2
Female,Urban,0.9,7.1,7.3,134.3
Female,Urban,2.5,7.9,3.0,158.4
Female,Urban,1.8,6.8,7.8,154.3
Female,Urban,1.1,6.9,5.9,179.8
Female,Urban,2.0,8.1,2.3,133.7
Female,Urban,1.3,8.1,6.0,121.2
Female,Urban,1.2,7.1,9.0,76.7
Female,Urban,0.3,7.4,6.1,147.7
Female,Urban,2.3,7.7,3.5,120.2
Female,Urban,1.2,6.8,7.1,143.2
Female,Urban,0.9,7.4,3.9,158.6
Female,Urban,0.8,7.1,8.2,90.1
Female,Urban,1.1,6.1,8.5,163.3
Female,Urban,2.4,7.9,3.5,129.1
Female,Urban,2.9,8.1,1.9,152.6
Female,Urban,1.3,7.1,5.3,98.6
Female,Urban,0.6,7.8,4.4,167.0
Female,Urban,3.1,7.6,1.9,198.1
Female,Urban,1.2,7.1,7.8,121.6
Female,Urban,1.6,7.4,3.5,131.0
Female,Urban,1.4,6.8,3.8,121.2
Female,Urban,2.4,7.7,1.8,205.6
Female,Urban,1.9,8.2,3.6,177.3
Female,Urban,2.1,7.0,4.6,162.3
Female,Urban,1.0,8.1,5.9,84.0
Female,Urban,1.9,7.3,6.4,122.2
Female,Urban,1.9,7.8,1.9,134.8
Female,Urban,2.7,8.5,4.6,71.0
Female,Urban,2.9,8.4,4.2,124.6
Female,Urban,2.5,7.4,3.2,196.6
Female,Urban,1.3,7.3,4.2,89.4
Female,Urban,0.6,7.3,4.9,105.4
Female,Urban,0.7,7.8,2.6,186.6
Female,Urban,0.9,8.8,5.3,76.3
Female,Urban,0.9,7.9,6.4,174.4
Female,Urban,0.5,7.9,5.5,26.9
Female,Urban,2.3,7.5,2.4,89.5
Female,Urban,2.3,6.7,3.3,151.6
Female,Urban,1.2,6.8,6.8,185.8
Female,Urban,2.2,7.0,2.9,133.5
Female,Urban,1.6,7.3,5.7,120.8
Female,Urban,1.0,8.0,5.5,142.2
Female,Urban,0.6,6.8,6.6,128.6
Female,Urban,0.5,7.4,9.3,57.8
Female,Urban,1.4,6.7,7.0,107.2
Female,Urban,1.8,7.5,2.9,163.2
Female,Urban,1.0,7.2,6.4,110.0
Female,Urban,0.8,7.1,5.4,164.2
Female,Urban,2.2,7.4,3.9,109.5
Female,Urban,1.6,8.2,2.4,106.1
Female,Urban,1.5,8.3,3.3,87.5
Female,Urban,2.9,7.0,4.9,197.1
Female,Urban,1.7,7.3,5.6,195.2
Female,Urban,1.3,6.8,6.1,174.2
Female,Urban,0.8,7.4,5.0,120.8
Female,Urban,1.3,7.2,8.3,119.2
Female,Urban,2.8,8.0,3.3,39.1
Female,Urban,1.1,8.2,4.2,125.8
Female,Urban,1.4,7.7,4.7,68.1
Female,Urban,1.2,8.1,6.2,49.8
Female,Urban,1.1,7.3,4.7,121.2
Female,Urban,1.2,8.1,4.2,76.4
Female,Urban,2.7,8.1,1.0,193.4
Female,Urban,2.3,7.5,4.1,215.2
Female,Urban,2.4,7.8,4.3,185.5
Female,Urban,1.3,7.8,1.6,24.6
Female,Urban,0.8,6.4,7.9,73.1
Female,Urban,2.2,7.4,2.8,73.6
Female,Urban,1.2,7.2,4.3,102.5
Female,Urban,1.5,7.1,4.4,220.3
Female,Urban,2.3,8.6,1.8,85.2
Female,Urban,0.8,7.3,3.9,82.0
Female,Urban,1.7,6.8,4.9,191.2
Female,Urban,1.2,8.2,3.0,95.9
Female,Urban,1.1,7.1,4.0,91.7
Female,Urban,1.7,7.3,6.8,140.3
Female,Urban,2.6,7.1,6.2,117.5
Female,Urban,1.4,7.1,4.0,151.2
Female,Urban,2.8,7.2,3.1,96.3
Female,Urban,1.2,7.5,4.7,150.9
Female,Urban,1.6,7.6,5.3,132.0
Female,Urban,1.6,6.7,9.5,127.1
Female,Urban,0.4,6.4,8.4,77.7
Female,Urban,1.7,6.8,6.1,243.3
Female,Urban,0.7,7.5,6.1,142.3
Female,Urban,2.4,7.7,4.8,87.2
Female,Urban,1.3,6.8,6.7,231.3
Female,Urban,0.6,7.1,5.0,57.8
Female,Urban,0.7,7.5,5.1,75.8
Female,Urban,0.9,6.7,8.9,166.0
Female,Urban,2.3,7.4,2.2,152.8
Female,Urban,1.5,7.3,4.5,179.8
Female,Urban,2.3,8.1,3.3,48.8
Female,Urban,1.1,6.7,5.1,95.2
Female,Urban,1.3,7.0,5.0,187.4
Female,Urban,1.3,8.1,2.9,114.1
Female,Urban,0.9,7.9,5.9,214.1
Female,Urban,0.9,6.7,4.3,212.4
Female,Urban,0.9,6.8,4.2,181.5
Female,Urban,1.1,7.9,4.6,81.5
Female,Urban,3.1,7.4,4.3,247.8
Female,Urban,0.9,7.2,5.0,128.3
Female,Urban,1.8,7.5,3.7,188.2
Female,Urban,1.3,7.0,7.3,95.8
Female,Urban,0.3,7.0,4.2,179.8
Female,Urban,2.9,6.8,4.0,123.7
Female,Urban,1.4,7.4,4.1,216.7
Female,Urban,2.1,7.1,4.3,118.2
Female,Urban,1.1,7.8,3.1,138.4
Female,Urban,3.3,7.5,1.8,177.6
Female,Urban,0.5,8.0,7.0,165.0
Female,Urban,1.8,7.7,4.2,120.5
Female,Urban,1.1,6.0,9.1,126.6
Female,Urban,0.8,7.3,4.3,227.6
Female,Urban,1.2,7.3,4.5,237.8
Female,Urban,2.1,7.2,2.7,118.6
Female,Urban,1.4,6.9,6.8,140.5
Female,Urban,2.5,8.2,3.5,28.5
Female,Urban,1.0,8.1,1.8,131.2
Female,Urban,1.0,7.2,4.6,92.0
Female,Urban,1.6,7.1,8.5,187.5
Female,Urban,1.0,7.8,5.8,163.1
Female,Urban,1.9,5.8,6.5,144.7
Female,Urban,2.9,7.9,3.3,50.6
Female,Urban,1.6,8.2,4.4,174.0
Female,Urban,1.9,7.6,5.5,105.5
Female,Urban,0.8,6.7,5.2,194.1
Female,Urban,1.3,7.4,4.6,133.5
Female,Urban,2.0,7.3,3.2,174.9
Female,Urban,0.6,7.1,6.2,210.2
Female,Urban,0.9,7.1,8.1,70.0
Female,Urban,1.7,6.6,4.5,125.5
Female,Urban,0.0,6.9,4.8,115.3
Male,Rural,0.9,6.5,8.5,182.8
Male,Rural,0.9,7.8,5.9,181.6
Male,Rural,0.9,7.7,6.1,158.3
Male,Rural,1.1,7.9,4.7,181.8
Male,Rural,2.0,7.3,3.2,120.8
Male,Rural,0.8,6.3,8.7,181.6
Male,Rural,1.1,7.2,4.5,115.9
Male,Rural,0.9,7.9,6.9,213.4
Male,Rural,1.5,8.0,3.3,159.2
Male,Rural,0.8,7.0,4.9,112.4
Male,Rural,1.6,7.8,3.3,206.9
Male,Rural,0.7,6.7,7.4,109.6
Male,Rural,1.9,7.0,5.8,139.6
Male,Rural,2.6,7.2,1.0,204.8
Male,Rural,2.0,7.7,2.6,162.1
Male,Rural,1.2,7.1,2.9,87.7
Male,Rural,1.6,7.1,3.2,164.9
Male,Rural,1.2,8.9,2.1,141.7
Male,Rural,0.9,6.6,6.9,136.3
Male,Rural,2.6,7.1,2.9,168.1
Male,Rural,1.2,6.9,8.0,153.3
Male,Rural,1.3,6.8,5.3,168.4
Male,Rural,3.0,8.1,2.1,144.5
Male,Rural,1.4,7.2,4.0,185.7
Male,Rural,2.1,6.8,5.9,150.9
Male,Rural,0.8,7.0,6.2,165.8
Male,Rural,0.5,7.6,5.4,134.6
Male,Rural,0.9,6.2,6.4,239.4
Male,Rural,2.9,8.7,1.9,104.2
Male,Rural,2.0,7.4,3.6,114.0
Male,Rural,2.8,8.5,1.9,158.3
Male,Rural,1.9,6.9,7.2,129.3
Male,Rural,0.9,7.8,4.7,203.9
Male,Rural,1.2,7.0,3.7,200.2
Male,Rural,1.1,6.7,4.9,249.8
Male,Rural,1.7,6.8,5.5,138.8
Male,Rural,1.3,7.3,4.1,211.3
Male,Rural,1.3,6.8,3.7,60.9
Male,Rural,1.2,7.4,5.5,236.9
Male,Rural,2.4,7.8,4.4,110.6
Male,Rural,2.3,7.8,2.2,270.4
Male,Rural,0.9,7.7,5.1,182.9
Male,Rural,2.4,7.3,2.3,123.1
Male,Rural,1.3,7.7,5.5,206.6
Male,Rural,0.9,7.4,4.9,137.7
Male,Rural,0.8,7.8,5.3,214.0
Male,Rural,1.2,6.9,5.9,129.4
Male,Rural,0.7,7.1,4.6,73.5
Male,Rural,1.8,8.0,2.1,122.3
Male,Rural,1.1,7.1,7.3,136.1
Male,Rural,2.0,7.1,3.9,92.2
Male,Rural,1.9,7.1,4.8,153.8
Male,Rural,1.0,7.1,7.2,123.0
Male,Rural,2.1,8.2,2.3,105.8
Male,Rural,2.2,7.5,2.4,93.6
Male,Rural,2.3,6.3,3.8,227.9
Male,Rural,1.2,7.4,7.8,133.2
Male,Rural,1.7,8.1,2.7,171.4
Male,Rural,0.8,8.0,4.0,161.2
Male,Rural,2.6,7.3,2.1,98.3
Male,Rural,0.5,7.4,4.6,209.8
Male,Rural,2.2,7.8,2.7,141.4
Male,Rural,2.2,7.0,4.5,184.2
Male,Rural,1.2,6.2,5.7,185.1
Male,Rural,1.7,7.0,3.4,146.6
Male,Rural,3.0,7.7,2.2,140.2
Male,Rural,2.1,7.5,2.4,186.6
Male,Rural,1.4,7.3,5.9,55.2
Male,Rural,1.5,6.4,5.8,122.4
Male,Rural,0.6,7.4,7.0,123.9
Male,Rural,0.7,7.0,5.1,72.0
Male,Rural,1.0,6.7,8.3,164.3
Male,Rural,1.4,6.0,5.8,124.5
Male,Rural,1.6,7.4,5.7,174.1
Male,Rural,0.9,7.4,4.9,223.9
Male,Rural,1.1,6.8,6.2,89.2
Male,Rural,0.7,7.9,3.5,100.1
Male,Rural,2.2,7.4,5.6,65.9
Male,Rural,2.4,7.0,5.9,210.8
Male,Rural,2.8,7.0,5.1,103.1
Male,Rural,1.6,6.3,6.7,147.2
Male,Rural,1.2,6.3,7.8,231.7
Male,Rural,1.2,7.5,5.2,214.0
Male,Rural,1.2,5.9,6.2,183.3
Male,Rural,0.9,7.1,4.9,128.8
Male,Rural,0.8,7.0,7.8,102.3
Male,Rural,0.7,7.4,5.0,284.8
Male,Rural,2.3,7.3,4.9,78.4
Male,Rural,1.5,7.7,4.8,169.2
Male,Rural,1.6,6.8,8.0,179.0
Male,Rural,3.0,7.5,3.4,130.8
Male,Rural,1.7,7.3,3.5,160.0
Male,Rural,0.9,7.3,7.0,59.2
Male,Rural,2.1,8.4,2.3,98.2
Male,Rural,1.2,8.0,5.8,93.0
Male,Rural,1.6,7.8,6.6,148.3
Male,Rural,2.7,7.3,6.3,149.0
Male,Rural,1.2,6.9,8.7,180.9
Male,Rural,1.9,7.3,7.0,32.5
Male,Rural,3.1,8.1,2.6,85.8
Male,Rural,2.0,6.8,4.3,173.3
Male,Rural,0.5,7.8,3.7,128.0
Male,Rural,2.6,8.3,2.8,135.2
Male,Rural,1.0,7.0,6.1,99.8
Male,Rural,0.9,7.7,4.2,131.1
Male,Rural,2.5,6.9,4.1,111.6
Male,Rural,1.7,6.9,8.1,137.8
Male,Rural,0.8,6.9,6.3,184.3
Male,Rural,2.1,7.9,5.9,122.0
Male,Rural,2.0,7.9,3.9,169.5
Male,Rural,0.2,7.4,5.1,89.6
Male,Rural,1.6,7.7,4.1,224.6
Male,Rural,1.2,8.3,5.9,82.5
Male,Rural,1.7,7.2,5.7,66.8
Male,Rural,2.1,7.4,8.4,127.0
Male,Rural,2.9,7.6,4.2,204.7
Male,Rural,1.6,7.5,8.0,143.7
Male,Rural,1.7,6.8,3.5,126.6
Male,Rural,1.2,7.1,4.1,90.7
Male,Rural,0.9,6.6,5.4,195.0
Male,Rural,1.3,7.7,4.8,75.5
Male,Rural,2.5,7.3,5.7,73.1
Male,Rural,0.7,7.8,4.1,187.3
Male,Rural,3.6,7.4,2.9,179.1
Male,Rural,1.5,6.5,7.8,177.5
Male,Rural,2.1,7.7,3.4,151.2
Male,Rural,1.3,8.2,6.0,151.1
Male,Rural,2.3,7.3,4.4,127.7
Male,Rural,1.2,6.9,6.7,120.5
Male,Rural,2.7,7.0,4.0,157.8
Male,Rural,1.0,7.9,4.6,31.4
Male,Rural,1.9,7.0,5.1,155.5
Male,Rural,1.4,6.9,7.2,65.5
Male,Rural,0.6,6.7,4.5,133.4
Male,Rural,1.4,7.5,5.1,212.2
Male,Rural,1.2,7.0,5.6,174.0
Male,Rural,1.3,7.5,6.1,49.9
Male,Rural,1.5,7.6,6.7,170.1
Male,Rural,1.2,7.2,7.2,124.7
Male,Rural,1.6,7.5,7.3,104.3
Male,Rural,2.3,8.3,4.9,223.0
Male,Rural,0.7,7.4,4.1,100.8
Male,Rural,1.8,6.9,6.8,246.6
Male,Rural,0.7,7.6,6.9,72.5
Male,Rural,0.9,7.8,6.4,84.9
Male,Rural,2.6,7.8,3.1,245.1
Male,Rural,1.3,6.6,4.8,115.8
Male,Rural,0.6,7.1,4.9,211.5
Male,Rural,1.5,8.4,4.0,126.9
Male,Rural,1.4,7.2,7.6,101.5
Male,Rural,1.0,7.6,5.2,96.9
Male,Rural,2.2,7.0,3.6,134.8
Male,Rural,1.2,7.0,4.8,62.3
Male,Rural,1.7,6.6,3.8,130.6
Male,Rural,1.3,7.6,6.3,123.3
Male,Rural,1.8,7.5,4.9,142.1
Male,Rural,1.2,7.4,8.3,143.0
Male,Rural,1.9,7.9,1.7,99.2
Male,Rural,3.5,8.1,4.0,203.0
Male,Rural,1.6,7.4,5.6,82.6
Male,Rural,0.3,7.0,6.9,104.3
Male,Rural,1.7,7.3,2.8,179.7
Male,Rural,1.1,7.4,5.5,123.1
Male,Rural,0.9,5.9,6.1,189.5
Male,Rural,1.2,7.3,7.2,221.9
Male,Rural,1.1,7.9,4.8,205.8
Male,Rural,1.4,7.1,3.5,179.4
Male,Rural,0.8,6.4,8.8,177.2
Male,Rural,2.4,7.5,5.1,88.3
Male,Rural,2.4,8.2,2.5,120.2
Male,Rural,1.2,7.7,3.2,110.7
Male,Rural,2.7,8.3,4.4,109.8
Male,Rural,1.0,8.0,8.1,194.3
Male,Rural,1.3,6.7,4.6,133.2
Male,Rural,2.2,7.2,5.5,155.8
Male,Rural,2.1,6.6,5.0,199.9
Male,Rural,1.1,7.0,8.0,170.3
Male,Rural,1.4,7.4,5.7,59.5
Male,Rural,1.8,7.6,6.0,158.1
Male,Rural,2.8,8.0,4.9,105.8
Male,Rural,1.4,7.6,4.9,158.6
Male,Rural,1.4,8.2,2.0,193.3
Male,Rural,0.6,8.4,2.8,93.2
Male,Rural,1.1,8.0,5.4,194.5
Male,Rural,0.9,7.2,6.1,170.9
Male,Rural,1.3,7.1,9.4,156.3
Male,Rural,2.9,7.8,1.5,155.5
Male,Rural,1.4,7.7,3.1,76.7
Male,Rural,1.3,7.4,3.8,141.6
Male,Rural,1.5,7.2,5.0,183.2
Male,Rural,2.2,7.9,4.0,152.9
Male,Rural,2.5,8.2,2.2,162.9
Male,Rural,2.7,7.8,3.5,101.9
Male,Rural,2.1,6.9,4.5,87.7
Male,Rural,2.5,8.0,1.0,205.1
Male,Rural,1.6,6.7,2.3,121.6
Male,Rural,0.9,6.3,8.8,187.9
Male,Rural,0.9,6.3,8.0,156.9
Male,Rural,1.2,7.4,2.6,183.8
Male,Rural,1.5,8.5,3.3,127.9
Male,Rural,1.4,7.7,2.8,142.7
Male,Rural,2.6,7.6,2.7,178.5
Male,Rural,1.1,6.6,6.5,130.4
Male,Rural,0.7,8.7,4.0,52.5
Male,Rural,1.4,6.8,7.5,127.9
Male,Rural,1.5,7.3,3.7,136.9
Male,Rural,2.1,8.4,2.8,126.3
Male,Rural,1.6,7.1,4.4,213.4
Male,Rural,1.6,7.4,7.2,196.1
Male,Rural,3.4,7.0,2.7,156.6
Male,Rural,1.6,8.1,6.1,178.0
Male,Rural,0.9,6.8,3.8,192.3
Male,Rural,1.0,7.3,7.9,96.3
Male,Rural,1.9,7.2,6.6,134.4
Male,Rural,1.2,6.7,5.2,200.3
Male,Rural,1.8,7.5,5.0,123.3
Male,Rural,0.7,6.6,8.2,134.1
Male,Rural,1.0,7.1,7.1,127.1
Male,Rural,0.0,7.3,9.8,157.8
Male,Rural,1.0,7.4,5.1,129.8
Male,Rural,2.9,7.7,2.0,49.5
Male,Rural,2.9,7.0,2.2,136.9
Male,Rural,2.1,7.3,6.0,155.1
Male,Rural,2.3,8.0,4.4,214.5
Male,Rural,1.0,7.0,6.1,87.7
Male,Rural,1.7,7.7,4.8,179.4
Male,Rural,1.6,8.1,5.7,161.4
Male,Rural,2.3,7.7,3.0,121.6
Male,Rural,1.0,6.5,7.7,60.5
Male,Rural,1.4,7.1,5.9,181.2
Male,Rural,1.2,7.2,3.2,157.6
Male,Rural,0.6,7.5,5.8,172.5
Male,Rural,1.0,7.0,5.2,126.2
Male,Rural,2.6,7.7,4.3,67.4
Male,Rural,1.4,7.2,6.6,213.4
Male,Rural,1.8,7.3,4.4,72.9
Male,Rural,1.1,6.6,6.5,130.6
Male,Rural,2.9,7.4,3.0,192.4
Male,Rural,1.6,6.7,7.8,255.4
Male,Rural,2.0,7.6,8.3,200.1
Male,Rural,0.6,7.7,5.0,92.4
Male,Rural,1.7,7.8,3.6,120.3
Male,Rural,2.5,7.6,3.6,120.8
Male,Rural,2.4,7.2,4.7,109.5
Male,Rural,2.2,7.7,2.3,90.9
Male,Rural,2.2,7.8,2.9,154.3
Male,Rural,2.1,7.0,4.3,112.9
Male,Rural,1.5,5.9,6.9,190.2
Male,Rural,2.1,7.3,5.8,120.4
Male,Rural,1.8,7.4,4.4,227.1
Male,Rural,1.5,7.1,6.7,176.2
Male,Rural,0.6,6.7,5.6,157.2
Male,Rural,0.7,6.9,7.3,184.1
Male,Rural,1.0,8.3,7.9,136.7
Male,Rural,1.0,6.9,5.4,85.7
Male,Rural,1.5,6.6,7.5,190.2
Male,Rural,1.6,6.9,2.4,257.1
Male,Rural,1.5,6.1,7.5,144.1
Male,Rural,1.3,7.3,4.1,203.4
Male,Rural,2.6,6.8,4.5,111.7
Male,Rural,1.2,7.1,4.3,103.6
Male,Rural,0.7,8.0,4.9,155.4
Male,Rural,0.9,7.2,4.1,97.4
Male,Rural,1.8,7.0,3.6,166.8
Male,Rural,1.4,7.3,7.2,133.9
Male,Rural,1.9,7.7,3.8,94.7
Male,Rural,0.8,6.9,4.0,219.5
Male,Rural,1.6,7.1,5.0,162.9
Male,Rural,1.0,8.0,5.3,162.6
Male,Rural,3.2,7.6,1.8,168.8
Male,Rural,1.4,5.9,6.0,165.5
Male,Rural,2.9,7.8,4.3,141.9
Male,Rural,1.7,6.7,5.2,175.3
Male,Rural,1.7,6.6,6.4,204.2
Male,Rural,2.0,7.9,5.9,166.2
Male,Rural,2.0,7.9,1.9,140.7
Male,Rural,0.9,8.0,5.6,76.4
Male,Rural,0.6,7.2,4.3,100.1
Male,Rural,1.2,7.6,2.1,171.4
Male,Rural,3.3,8.0,1.1,132.6
Male,Rural,1.1,7.3,5.1,169.5
Male,Rural,1.3,6.8,6.4,140.3
Male,Rural,1.4,7.7,5.7,146.4
Male,Rural,1.6,6.9,5.2,205.2
Male,Rural,0.7,7.5,6.4,154.8
Male,Rural,2.6,6.7,5.3,170.9
Male,Rural,0.9,7.1,6.4,108.7
Male,Rural,1.6,6.7,4.2,151.0
Male,Rural,1.7,7.2,5.6,105.4
Male,Rural,0.4,7.6,6.0,77.2
Male,Rural,1.3,7.5,7.1,205.5
Male,Rural,1.8,6.4,5.6,247.0
Male,Rural,2.1,7.7,5.5,254.4
Male,Rural,1.3,7.0,10.0,166.0
Male,Rural,1.6,8.3,3.1,186.4
Male,Rural,1.2,7.7,7.9,112.4
Male,Rural,0.6,7.0,5.7,137.6
Male,Rural,0.3,6.7,7.6,171.4
Male,Rural,0.8,7.3,6.2,138.7
Male,Rural,1.8,7.6,3.5,168.1
Male,Rural,1.8,7.5,6.2,128.6
Male,Rural,2.2,7.9,5.5,156.5
Male,Rural,1.3,8.0,5.7,117.7
Male,Rural,0.6,6.6,6.1,239.6
Male,Rural,1.8,7.6,4.4,126.8
Male,Rural,1.6,7.8,3.9,152.6
Male,Rural,1.2,7.6,4.7,99.8
Male,Rural,0.0,6.9,5.7,193.4
Male,Rural,1.4,7.0,4.6,115.7
Male,Rural,1.1,6.9,5.2,93.7
Male,Rural,1.9,8.1,3.2,92.8
Male,Rural,2.7,7.1,1.4,242.3
Male,Rural,1.2,7.8,3.6,151.5
Male,Rural,2.5,6.8,4.6,103.1
Male,Rural,1.7,7.4,6.8,145.0
Male,Rural,1.0,7.3,5.8,203.4
Male,Rural,1.6,7.9,4.9,149.1
Male,Rural,1.3,7.5,5.8,159.2
Male,Rural,1.3,7.7,6.1,137.0
Male,Rural,1.2,7.5,7.2,161.6
Male,Rural,1.5,7.1,6.4,138.2
Male,Rural,2.4,7.5,4.4,181.2
Male,Rural,1.8,7.4,4.3,227.1
Male,Rural,1.5,7.6,4.5,275.7
Male,Rural,1.6,7.1,4.6,172.8
Male,Rural,1.6,6.1,7.7,258.1
Male,Rural,1.5,8.0,4.2,125.7
Male,Rural,1.3,6.6,8.7,152.1
Male,Rural,0.9,7.3,5.0,113.7
Male,Rural,3.4,8.5,1.4,165.5
Male,Rural,1.7,7.4,3.9,152.0
Male,Rural,1.6,7.6,5.1,217.9
Male,Rural,1.4,7.6,4.3,123.4
Male,Rural,0.5,6.4,5.7,196.7
Male,Rural,1.7,7.2,6.9,162.3
Male,Rural,1.6,7.3,5.7,80.5
Male,Rural,1.4,7.4,7.8,244.8
Male,Rural,1.7,7.4,4.6,166.4
Male,Rural,1.6,7.2,6.8,222.7
Male,Rural,1.3,7.3,5.7,147.0
Male,Rural,1.0,6.5,6.6,212.2
Male,Rural,2.7,7.0,2.9,153.7
Male,Rural,1.7,6.9,4.1,125.3
Male,Rural,1.5,8.2,5.1,0.0
Male,Rural,1.0,7.7,5.4,171.7
Male,Rural,3.6,7.7,1.0,180.0
Male,Rural,1.3,7.6,6.1,146.5
Male,Rural,1.5,7.9,3.5,105.5
Male,Rural,1.1,7.7,7.5,149.6
Male,Rural,1.6,8.8,3.5,165.2
Male,Rural,1.2,7.6,5.7,184.8
Male,Rural,1.8,8.0,4.5,133.6
Male,Rural,0.8,8.8,3.7,91.9
Male,Rural,1.8,7.6,6.0,98.1
Male,Rural,1.8,8.6,4.0,143.0
Male,Rural,1.3,8.2,5.7,139.6
Male,Rural,0.8,7.3,4.3,139.8
Male,Rural,2.1,7.9,3.2,64.6
Male,Rural,1.4,8.1,4.0,119.1
Male,Rural,2.4,7.7,1.9,174.5
Male,Rural,2.2,7.1,6.8,150.4
Male,Rural,2.0,7.8,2.2,135.3
Male,Rural,1.1,6.5,4.0,75.7
Male,Rural,1.0,7.7,5.0,147.8
Male,Rural,1.9,7.7,3.8,188.2
Male,Rural,1.9,7.9,5.3,158.2
Male,Rural,1.4,7.5,4.3,140.3
Male,Rural,2.2,7.3,6.7,129.1
Male,Rural,1.0,6.4,6.3,165.2
Male,Rural,1.3,7.5,8.9,96.2
Male,Rural,1.4,5.8,5.7,125.8
Male,Rural,0.9,8.6,2.7,186.8
Male,Rural,1.6,6.9,8.6,172.2
Male,Rural,1.2,7.1,4.6,157.7
Male,Rural,2.4,7.9,3.0,198.5
Male,Rural,1.8,8.4,3.3,121.0
Male,Rural,1.3,5.8,7.8,160.6
Male,Rural,1.4,7.1,7.0,132.6
Male,Rural,0.7,7.0,5.9,211.4
Male,Rural,1.2,7.3,5.4,164.1
Male,Rural,1.9,7.4,4.7,124.8
Male,Rural,0.3,7.1,4.0,154.4
Male,Rural,0.7,7.3,6.2,94.0
Male,Rural,1.0,7.0,6.9,195.7
Male,Rural,0.7,7.5,5.0,135.1
Male,Rural,1.3,6.7,4.5,169.1
Male,Rural,1.3,7.4,4.6,205.1
Male,Rural,2.2,7.1,5.9,124.4
Male,Rural,1.4,7.5,5.9,118.1
Male,Rural,0.9,6.9,6.7,185.1
Male,Rural,0.7,5.9,6.0,106.0
Male,Rural,0.8,7.4,7.8,166.6
Male,Rural,1.7,7.7,4.6,165.9
Male,Rural,0.3,6.3,6.5,137.8
Male,Rural,1.9,7.3,3.8,91.2
Male,Rural,0.9,7.6,5.5,132.5
Male,Rural,1.2,7.9,5.9,94.9
Male,Rural,2.9,7.7,3.6,177.5
Male,Rural,2.6,7.7,2.7,148.6
Male,Rural,1.6,6.9,7.0,150.3
Male,Rural,3.6,7.6,1.7,140.9
Male,Rural,1.8,6.7,3.3,45.4
Male,Rural,1.6,6.7,5.3,193.0
Male,Rural,3.3,8.6,3.7,121.0
Male,Rural,2.0,7.6,2.8,127.9
Male,Rural,1.2,7.6,6.6,162.1
Male,Rural,0.8,7.6,3.4,91.6
Male,Rural,3.2,8.0,4.2,166.5
Male,Rural,1.5,7.8,6.0,165.7
Male,Rural,1.2,7.8,3.3,148.6
Male,Rural,3.1,7.9,3.1,167.8
Male,Rural,1.2,7.8,5.5,152.6
Male,Rural,1.4,7.6,5.4,58.5
Male,Rural,2.4,6.8,6.3,150.5
Male,Rural,1.3,7.8,6.1,161.2
Male,Rural,2.5,7.4,2.4,149.3
Male,Rural,1.3,7.8,5.8,11.7
Male,Rural,0.5,8.2,4.5,168.2
Male,Rural,1.6,7.1,5.3,203.5
Male,Rural,1.6,8.3,2.2,194.1
Male,Rural,2.4,7.3,4.4,209.6
Male,Rural,2.7,8.1,4.0,43.2
Male,Rural,1.0,6.3,6.0,191.5
Male,Rural,1.1,7.0,3.6,138.6
Male,Rural,2.5,8.4,3.3,43.6
Male,Rural,1.4,6.7,4.9,159.5
Male,Rural,1.3,7.1,7.5,39.5
Male,Rural,0.4,6.9,5.2,140.6
Male,Rural,1.5,7.4,4.9,157.8
Male,Rural,1.3,6.7,4.8,194.4
Male,Rural,0.5,7.1,5.6,75.6
Male,Rural,1.3,6.3,7.7,140.9
Male,Rural,2.2,7.1,5.8,126.7
Male,Rural,1.0,6.7,8.2,85.6
Male,Rural,1.3,7.2,3.6,117.3
Male,Rural,1.8,8.2,2.6,128.8
Male,Rural,1.5,7.2,4.4,94.8
Male,Rural,1.0,6.3,5.5,146.7
Male,Rural,0.6,6.5,6.3,178.0
Male,Rural,2.5,7.9,2.2,104.9
Male,Rural,1.7,7.2,4.6,167.5
Male,Rural,1.1,7.1,6.9,140.8
Male,Rural,1.4,7.6,4.6,59.3
Male,Rural,1.8,8.0,4.5,92.2
Male,Rural,1.4,8.7,8.4,69.6
Male,Rural,1.3,7.1,5.0,91.2
Male,Rural,1.1,6.2,6.8,282.2
Male,Rural,0.5,7.2,4.9,111.7
Male,Rural,0.9,7.3,5.4,168.1
Male,Rural,0.4,7.0,3.6,96.5
Male,Rural,0.7,7.2,6.5,172.3
Male,Rural,1.2,7.1,5.6,94.5
Male,Rural,2.5,6.8,5.0,195.8
Male,Rural,1.3,6.6,6.5,109.4
Male,Rural,2.5,7.1,4.3,176.6
Male,Rural,1.6,7.2,3.5,204.7
Male,Rural,2.1,6.6,5.9,311.3
Male,Rural,2.3,8.1,3.1,160.8
Male,Rural,2.5,7.8,3.3,69.4
Male,Rural,1.2,7.2,8.4,52.9
Male,Rural,2.8,6.5,4.8,59.3
Male,Rural,0.5,6.4,8.5,82.8
Male,Rural,1.2,7.1,5.3,249.5
Male,Rural,2.6,8.1,1.1,234.9
Male,Rural,1.9,7.9,3.1,96.4
Male,Rural,0.8,7.7,5.1,78.4
Male,Rural,2.1,7.8,3.6,178.0
Male,Rural,0.7,7.0,5.6,105.2
Male,Rural,1.5,8.1,4.6,153.6
Male,Rural,3.1,6.9,5.6,208.6
Male,Rural,1.8,7.2,3.9,151.3
Male,Rural,2.0,7.6,5.0,162.6
Male,Rural,0.5,8.0,4.8,150.9
Male,Rural,2.2,8.0,3.0,218.1
Male,Rural,2.6,6.7,3.4,91.2
Male,Rural,1.0,7.6,5.2,173.3
Male,Rural,1.2,7.5,6.5,164.5
Male,Rural,1.0,7.5,4.2,196.6
Male,Rural,0.6,8.0,4.9,87.0
Male,Rural,0.8,7.6,5.1,148.6
Male,Rural,2.9,7.0,3.5,197.6
Male,Rural,2.9,8.0,3.0,118.9
Male,Rural,0.9,7.1,8.8,185.6
Male,Rural,1.3,8.8,2.7,170.7
Male,Rural,2.3,7.5,2.5,183.8
Male,Rural,1.7,7.8,3.0,151.2
Male,Rural,0.6,7.5,6.3,132.1
Male,Rural,1.2,6.2,8.0,113.1
Male,Suburban,1.5,7.6,3.7,199.0
Male,Suburban,2.0,6.7,7.9,255.2
Male,Suburban,3.1,7.7,6.4,65.9
Male,Suburban,1.5,7.9,6.0,47.6
Male,Suburban,1.1,7.3,6.1,108.6
Male,Suburban,2.6,7.0,5.6,129.5
Male,Suburban,1.0,7.3,8.1,199.4
Male,Suburban,1.8,8.1,2.2,154.6
Male,Suburban,2.7,7.4,1.9,176.8
Male,Suburban,2.6,8.1,1.0,109.6
Male,Suburban,1.0,7.2,5.9,177.9
Male,Suburban,1.9,7.9,2.1,117.4
Male,Suburban,0.9,7.4,6.1,153.2
Male,Suburban,0.7,6.5,8.3,137.5
Male,Suburban,0.8,7.4,7.5,88.7
Male,Suburban,2.8,8.2,1.9,122.1
Male,Suburban,3.5,6.4,1.4,208.5
Male,Suburban,1.7,7.8,4.6,137.6
Male,Suburban,0.9,7.2,4.1,100.8
Male,Suburban,1.0,7.0,7.1,194.1
Male,Suburban,1.0,7.3,5.5,103.4
Male,Suburban,2.4,6.6,5.3,158.3
Male,Suburban,1.3,7.7,10.0,174.2
Male,Suburban,1.9,7.7,5.1,85.6
Male,Suburban,1.4,6.8,7.5,60.6
Male,Suburban,1.8,8.1,4.0,120.8
Male,Suburban,1.7,7.7,2.8,87.4
Male,Suburban,1.3,6.4,5.8,111.1
Male,Suburban,0.4,6.6,7.0,185.7
Male,Suburban,1.2,7.6,6.9,139.4
Male,Suburban,0.9,7.5,6.2,184.3
Male,Suburban,1.2,7.1,3.8,141.3
Male,Suburban,3.0,7.3,4.5,126.3
Male,Suburban,0.7,7.1,6.9,214.0
Male,Suburban,1.5,7.6,5.2,209.1
Male,Suburban,1.3,7.6,5.9,142.0
Male,Suburban,2.5,7.8,5.0,190.6
Male,Suburban,1.3,7.4,5.7,224.4
Male,Suburban,1.1,7.4,5.1,191.8
Male,Suburban,1.6,7.9,5.5,112.2
Male,Suburban,0.9,7.0,4.4,56.6
Male,Suburban,2.0,6.8,5.3,151.6
Male,Suburban,1.4,8.1,6.4,138.5
Male,Suburban,1.5,7.7,5.6,89.2
Male,Suburban,2.2,7.2,3.2,58.9
Male,Suburban,2.7,7.7,2.5,211.0
Male,Suburban,1.5,7.8,4.5,124.3
Male,Suburban,0.9,7.7,3.3,201.1
Male,Suburban,0.6,7.6,5.6,229.9
Male,Suburban,0.7,6.2,9.4,192.7
Male,Suburban,1.5,7.5,3.9,147.2
Male,Suburban,1.4,7.7,4.4,140.1
Male,Suburban,2.5,8.2,2.6,92.6
Male,Suburban,2.1,6.8,1.3,240.2
Male,Suburban,2.3,7.3,4.4,279.2
Male,Suburban,0.5,6.9,7.0,113.3
Male,Suburban,1.8,6.6,4.8,116.3
Male,Suburban,3.2,8.2,2.1,95.0
Male,Suburban,1.8,7.4,4.4,88.7
Male,Suburban,2.3,7.4,5.5,173.4
Male,Suburban,3.1,7.7,2.5,163.9
Male,Suburban,1.3,6.9,5.6,132.8
Male,Suburban,1.6,7.7,7.3,0.0
Male,Suburban,1.3,7.7,4.3,34.1
Male,Suburban,1.9,8.0,2.7,205.8
Male,Suburban,1.6,6.1,7.4,158.9
Male,Suburban,1.1,7.6,7.1,114.6
Male,Suburban,1.1,7.5,6.1,174.3
Male,Suburban,0.3,7.1,4.7,105.0
Male,Suburban,1.2,7.2,6.8,185.9
Male,Suburban,0.8,7.6,4.8,115.9
Male,Suburban,1.1,6.7,4.2,164.4
Male,Suburban,1.3,8.0,4.5,127.2
Male,Suburban,1.5,7.3,3.8,198.7
Male,Suburban,2.0,7.7,3.6,197.7
Male,Suburban,2.8,8.1,1.3,123.3
Male,Suburban,1.2,6.9,6.9,122.1
Male,Suburban,0.7,7.2,5.4,228.1
Male,Suburban,2.2,7.7,3.7,68.9
Male,Suburban,0.7,7.4,6.4,129.2
Male,Suburban,1.3,7.2,3.1,121.8
Male,Suburban,1.2,7.5,4.4,96.0
Male,Suburban,1.1,6.7,5.6,159.0
Male,Suburban,1.5,7.6,3.3,123.0
Male,Suburban,2.4,7.6,1.8,167.5
Male,Suburban,2.1,7.8,4.5,5.6
Male,Suburban,1.3,7.5,7.5,146.1
Male,Suburban,1.8,7.2,4.9,248.0
Male,Suburban,0.6,6.8,4.7,232.7
Male,Suburban,2.5,7.5,3.4,175.4
Male,Suburban,1.1,6.8,8.7,125.2
Male,Suburban,1.8,8.4,2.8,144.0
Male,Suburban,2.7,7.1,5.0,177.7
Male,Suburban,1.9,7.4,6.1,194.7
Male,Suburban,0.5,7.8,4.9,179.2
Male,Suburban,1.6,7.0,3.8,96.7
Male,Suburban,3.1,7.6,3.0,141.3
Male,Suburban,1.0,6.9,5.4,200.1
Male,Suburban,1.4,7.2,4.1,191.0
Male,Suburban,1.6,7.1,8.6,158.1
Male,Suburban,1.2,6.6,5.9,183.6
Male,Suburban,1.0,7.0,4.6,49.1
Male,Suburban,0.6,7.0,8.0,104.3
Male,Suburban,1.6,7.4,3.9,112.4
Male,Suburban,1.3,6.9,6.6,62.9
Male,Suburban,0.8,7.0,5.8,103.4
Male,Suburban,0.8,7.3,3.1,119.6
Male,Suburban,1.2,7.8,6.5,109.3
Male,Suburban,1.0,7.1,4.4,58.4
Male,Suburban,1.1,7.3,6.6,129.1
Male,Suburban,0.6,7.4,5.7,214.9
Male,Suburban,2.2,6.4,8.1,118.5
Male,Suburban,0.9,7.8,4.6,79.1
Male,Suburban,2.9,7.7,3.6,109.7
Male,Suburban,0.6,7.8,4.6,127.1
Male,Suburban,1.2,7.5,10.0,247.7
Male,Suburban,2.1,6.7,5.1,160.2
Male,Suburban,1.8,7.2,3.8,149.9
Male,Suburban,1.4,7.4,5.3,73.1
Male,Suburban,0.0,7.1,2.4,136.0
Male,Suburban,1.0,6.4,7.0,163.2
Male,Suburban,1.3,7.1,5.8,124.6
Male,Suburban,1.7,7.1,5.2,142.5
Male,Suburban,2.3,7.4,3.1,67.9
Male,Suburban,1.8,6.3,8.9,244.3
Male,Suburban,1.5,7.7,2.3,126.0
Male,Suburban,2.3,6.9,7.8,121.5
Male,Suburban,2.4,8.9,3.4,204.1
Male,Suburban,1.5,6.8,5.5,120.7
Male,Suburban,1.1,7.8,5.4,129.5
Male,Suburban,2.5,7.8,2.2,107.6
Male,Suburban,2.0,8.3,4.4,127.2
Male,Suburban,1.1,7.1,6.8,168.7
Male,Suburban,1.3,7.7,6.4,96.2
Male,Suburban,2.5,8.2,3.2,139.0
Male,Suburban,2.4,7.4,1.2,125.5
Male,Suburban,1.7,7.7,4.1,91.0
Male,Suburban,2.4,7.1,4.8,157.5
Male,Suburban,0.5,7.2,6.4,209.6
Male,Suburban,1.6,7.0,4.0,132.1
Male,Suburban,1.4,7.3,5.3,139.7
Male,Suburban,1.4,6.5,4.6,168.1
Male,Suburban,0.7,7.2,2.4,162.6
Male,Suburban,0.6,7.4,6.7,175.4
Male,Suburban,0.9,7.3,7.2,162.2
Male,Suburban,1.0,8.1,6.9,162.5
Male,Suburban,1.2,6.5,4.7,55.1
Male,Suburban,1.7,6.8,2.9,181.5
Male,Suburban,1.1,7.8,1.1,118.8
Male,Suburban,1.1,7.7,5.1,152.6
Male,Suburban,0.9,6.7,10.0,89.4
Male,Suburban,1.9,8.2,3.0,179.7
Male,Suburban,0.9,6.7,7.7,194.8
Male,Suburban,1.7,6.8,7.1,161.8
Male,Suburban,0.8,7.5,5.4,79.9
Male,Suburban,1.4,7.5,7.7,147.5
Male,Suburban,1.7,7.4,3.6,140.4
Male,Suburban,2.4,6.8,4.9,157.9
Male,Suburban,1.4,7.5,4.4,136.3
Male,Suburban,0.9,7.6,2.9,102.2
Male,Suburban,1.7,7.7,3.5,145.2
Male,Suburban,1.9,7.8,2.7,132.6
Male,Suburban,1.5,7.9,3.5,141.2
Male,Suburban,1.7,7.5,2.7,94.3
Male,Suburban,1.9,7.2,4.2,171.6
Male,Suburban,0.8,8.3,4.6,129.8
Male,Suburban,2.8,7.4,2.8,122.0
Male,Suburban,1.4,7.3,5.6,102.5
Male,Suburban,2.8,8.1,4.2,80.2
Male,Suburban,1.6,8.0,4.8,205.8
Male,Suburban,1.1,6.7,6.7,180.8
Male,Suburban,1.0,7.7,4.8,115.1
Male,Suburban,1.2,7.3,8.1,169.9
Male,Suburban,2.0,7.4,4.1,60.1
Male,Suburban,1.5,7.7,4.9,101.1
Male,Suburban,1.4,7.5,7.2,151.7
Male,Suburban,1.2,6.7,6.0,209.0
Male,Suburban,2.3,8.2,2.5,111.3
Male,Suburban,2.3,7.8,1.0,168.0
Male,Suburban,1.9,7.5,2.4,177.7
Male,Suburban,1.0,7.6,7.4,67.7
Male,Suburban,0.9,7.4,5.4,46.5
Male,Suburban,1.9,7.7,8.4,210.4
Male,Suburban,1.8,7.5,5.8,98.6
Male,Suburban,0.9,7.4,6.8,161.6
Male,Suburban,0.5,7.5,5.7,154.3
Male,Suburban,3.3,7.9,2.7,129.6
Male,Suburban,2.1,7.5,4.3,80.5
Male,Suburban,2.0,7.9,4.7,136.3
Male,Suburban,1.4,7.1,4.7,52.7
Male,Suburban,0.0,6.7,6.5,95.7
Male,Suburban,3.0,7.2,3.0,115.9
Male,Suburban,3.1,7.0,1.1,225.2
Male,Suburban,2.6,6.4,3.0,210.9
Male,Suburban,0.7,8.3,4.4,66.4
Male,Suburban,2.9,8.2,4.0,136.4
Male,Suburban,2.2,7.5,5.2,88.1
Male,Suburban,0.8,7.5,7.5,104.1
Male,Suburban,1.8,7.2,6.3,95.0
Male,Suburban,2.5,7.3,5.4,176.5
Male,Suburban,2.1,8.3,4.4,137.2
Male,Suburban,1.3,6.9,5.9,148.0
Male,Suburban,0.8,7.0,7.0,165.4
Male,Suburban,1.2,7.2,4.7,109.7
Male,Suburban,1.8,8.2,4.5,249.2
Male,Suburban,1.0,6.5,8.0,198.0
Male,Suburban,3.1,6.9,4.9,111.6
Male,Suburban,1.3,7.0,6.1,149.9
Male,Suburban,1.0,7.6,5.3,147.5
Male,Suburban,0.8,6.5,8.8,91.9
Male,Suburban,0.2,7.9,5.6,181.0
Male,Suburban,3.1,7.8,1.8,116.1
Male,Suburban,2.1,7.8,2.2,142.4
Male,Suburban,2.8,6.8,2.4,207.9
Male,Suburban,1.1,7.2,6.2,155.1
Male,Suburban,2.5,6.6,4.9,137.2
Male,Suburban,2.1,7.0,4.0,161.2
Male,Suburban,1.6,7.7,5.9,141.9
Male,Suburban,3.1,7.4,2.4,96.5
Male,Suburban,1.4,6.6,5.5,130.8
Male,Suburban,1.4,7.9,4.9,159.2
Male,Suburban,1.2,7.4,7.0,172.3
Male,Suburban,2.7,8.0,4.7,131.8
Male,Suburban,2.2,8.1,2.3,136.1
Male,Suburban,1.3,7.3,5.4,115.6
Male,Suburban,2.6,7.5,4.2,176.6
Male,Suburban,1.5,7.8,5.4,268.7
Male,Suburban,0.6,7.3,7.5,222.1
Male,Suburban,1.7,6.6,4.6,121.5
Male,Suburban,0.9,6.4,9.4,44.6
Male,Suburban,0.7,7.3,7.2,211.0
Male,Suburban,2.9,8.0,2.0,179.4
Male,Suburban,1.8,7.9,4.8,172.0
Male,Suburban,1.7,8.1,5.1,46.5
Male,Suburban,2.6,6.9,3.9,167.4
Male,Suburban,0.7,7.9,7.1,127.5
Male,Suburban,1.0,7.1,6.3,205.2
Male,Suburban,1.7,7.2,3.1,58.9
Male,Suburban,1.4,8.0,6.5,197.6
Male,Suburban,2.8,7.0,4.6,153.6
Male,Suburban,0.9,7.5,4.0,118.2
Male,Suburban,1.2,7.4,4.8,112.1
Male,Suburban,1.5,7.6,1.2,219.3
Male,Suburban,1.2,8.5,3.0,165.3
Male,Suburban,1.6,6.5,6.8,148.8
Male,Suburban,2.0,7.4,3.3,231.1
Male,Suburban,1.9,7.4,3.1,126.5
Male,Suburban,1.8,6.8,7.0,217.5
Male,Suburban,2.5,7.2,3.5,113.5
Male,Suburban,2.1,7.8,3.5,170.7
Male,Suburban,0.7,7.5,3.6,177.8
Male,Suburban,1.6,7.0,4.4,141.6
Male,Suburban,0.8,7.7,4.7,137.6
Male,Suburban,2.0,8.4,4.2,181.6
Male,Suburban,1.5,7.4,4.7,134.6
Male,Suburban,3.6,6.5,6.5,161.0
Male,Suburban,2.6,7.8,2.7,162.0
Male,Suburban,1.2,8.2,4.6,109.1
Male,Suburban,1.6,6.3,6.2,109.5
Male,Suburban,1.8,8.0,1.0,140.6
Male,Suburban,2.3,7.3,5.4,188.4
Male,Suburban,1.3,7.2,5.3,106.2
Male,Suburban,1.2,6.9,8.3,219.8
Male,Suburban,1.0,6.9,10.0,100.9
Male,Suburban,1.6,7.1,8.8,156.7
Male,Suburban,0.9,7.2,4.3,216.0
Male,Suburban,1.6,7.6,6.7,112.9
Male,Suburban,0.8,6.7,8.0,115.9
Male,Suburban,1.0,7.3,4.5,205.9
Male,Suburban,2.5,7.8,2.7,223.3
Male,Suburban,0.9,7.2,5.0,126.7
Male,Suburban,1.7,7.2,4.6,225.5
Male,Suburban,0.8,7.5,4.7,185.1
Male,Suburban,2.5,7.2,4.4,216.2
Male,Suburban,1.2,7.4,4.8,202.3
Male,Suburban,2.0,7.8,3.1,106.7
Male,Suburban,1.5,8.1,2.7,248.2
Male,Suburban,2.3,8.1,4.3,173.0
Male,Suburban,2.3,7.4,4.3,144.7
Male,Suburban,2.4,7.1,4.3,121.3
Male,Suburban,1.0,7.0,4.3,31.9
Male,Suburban,0.5,7.1,6.7,207.3
Male,Suburban,0.8,7.6,6.7,85.3
Male,Suburban,1.3,7.6,4.7,158.6
Male,Suburban,0.0,7.7,6.4,151.1
Male,Suburban,2.5,7.8,4.3,127.8
Male,Suburban,1.7,7.6,5.0,56.9
Male,Suburban,1.1,8.3,5.8,192.5
Male,Suburban,2.7,6.9,5.5,135.2
Male,Suburban,0.8,7.1,4.0,141.1
Male,Suburban,1.1,7.2,6.3,172.5
Male,Suburban,1.2,7.0,4.4,101.2
Male,Suburban,1.0,8.3,3.1,162.7
Male,Suburban,1.8,7.5,7.2,95.1
Male,Suburban,1.4,6.6,4.6,169.6
Male,Suburban,1.2,7.1,5.0,61.8
Male,Suburban,1.2,8.3,1.3,138.6
Male,Suburban,1.6,7.5,5.7,181.5
Male,Suburban,1.9,6.7,6.2,130.4
Male,Suburban,1.0,7.0,4.7,134.6
Male,Suburban,2.5,7.0,6.3,147.4
Male,Suburban,1.2,7.4,10.0,126.1
Male,Suburban,1.1,7.0,8.2,148.1
Male,Suburban,1.8,7.4,5.6,38.5
Male,Suburban,1.2,7.7,7.4,102.8
Male,Suburban,0.8,7.9,2.2,134.7
Male,Suburban,1.8,7.1,2.3,134.9
Male,Suburban,0.7,7.6,4.3,129.7
Male,Suburban,2.8,7.2,1.4,115.4
Male,Suburban,1.3,7.7,7.0,222.5
Male,Suburban,1.0,7.0,4.4,159.2
Male,Suburban,0.9,7.9,5.2,62.4
Male,Suburban,3.1,7.7,2.9,157.1
Male,Suburban,2.1,5.9,7.9,144.8
Male,Suburban,0.7,6.4,9.7,190.9
Male,Suburban,1.5,7.6,4.4,213.1
Male,Suburban,1.4,7.4,10.0,31.4
Male,Suburban,0.6,7.1,6.2,109.6
Male,Suburban,0.8,6.9,3.8,151.8
Male,Suburban,1.0,7.3,3.2,130.3
Male,Suburban,2.5,7.2,5.9,137.8
Male,Suburban,1.4,6.7,5.7,139.8
Male,Suburban,2.9,7.9,1.2,118.9
Male,Suburban,2.5,7.6,5.8,140.6
Male,Suburban,2.4,8.0,3.0,96.0
Male,Suburban,0.9,6.6,7.6,213.5
Male,Suburban,1.6,6.8,6.6,182.3
Male,Suburban,2.1,7.6,3.1,161.4
Male,Suburban,1.2,7.0,3.0,177.1
Male,Suburban,1.0,7.6,4.7,78.5
Male,Suburban,1.9,7.0,5.1,217.6
Male,Suburban,0.5,8.0,7.0,117.2
Male,Suburban,0.7,7.3,7.0,116.6
Male,Suburban,1.1,6.5,5.3,143.2
Male,Suburban,1.6,7.4,7.7,209.2
Male,Suburban,0.5,6.6,7.7,98.9
Male,Suburban,1.7,8.1,3.5,105.4
Male,Suburban,0.8,7.9,5.2,137.3
Male,Suburban,0.5,7.0,5.2,137.9
Male,Suburban,2.7,8.7,2.4,215.8
Male,Suburban,1.6,7.4,6.2,122.8
Male,Suburban,1.6,7.8,8.5,138.1
Male,Suburban,1.5,8.1,7.7,66.2
Male,Suburban,1.6,7.3,5.2,79.8
Male,Suburban,0.7,7.4,4.4,130.2
Male,Suburban,1.7,6.9,9.5,170.4
Male,Suburban,3.1,7.5,1.5,96.0
Male,Suburban,2.3,7.0,4.4,180.7
Male,Suburban,1.6,6.8,5.7,125.5
Male,Suburban,0.9,7.2,3.6,122.0
Male,Suburban,0.9,6.9,5.5,123.7
Male,Suburban,1.2,7.4,6.0,171.2
Male,Suburban,1.5,7.7,5.7,199.9
Male,Suburban,0.9,7.4,5.6,78.3
Male,Suburban,1.8,7.5,6.1,122.9
Male,Suburban,1.3,7.2,5.5,114.8
Male,Suburban,1.3,7.5,4.5,145.3
Male,Suburban,2.7,8.5,3.4,93.0
Male,Suburban,1.5,6.7,4.6,204.3
Male,Suburban,1.4,7.2,4.1,185.4
Male,Suburban,2.1,6.7,2.3,144.4
Male,Suburban,0.8,8.3,6.3,141.7
Male,Suburban,2.2,7.6,4.2,212.3
Male,Suburban,1.2,7.1,5.6,218.1
Male,Suburban,2.4,7.2,4.7,76.5
Male,Suburban,1.8,7.4,5.4,89.2
Male,Suburban,3.0,7.9,4.4,190.7
Male,Suburban,1.5,7.4,3.6,257.2
Male,Suburban,0.8,8.0,5.0,86.1
Male,Suburban,2.3,6.5,5.6,170.1
Male,Suburban,2.3,7.9,2.7,154.9
Male,Suburban,0.7,6.8,7.4,114.3
Male,Suburban,2.8,7.9,4.2,175.5
Male,Suburban,1.5,6.2,3.8,161.8
Male,Suburban,0.9,7.0,5.9,240.9
Male,Suburban,2.7,6.8,3.7,175.9
Male,Suburban,2.4,6.7,3.0,106.4
Male,Suburban,1.7,7.3,4.0,119.5
Male,Suburban,1.1,6.3,7.0,145.2
Male,Suburban,1.5,8.1,7.7,127.9
Male,Suburban,2.1,6.8,3.8,161.6
Male,Suburban,3.3,8.0,3.6,92.0
Male,Suburban,0.6,7.6,5.2,79.5
Male,Suburban,3.0,7.2,2.0,69.0
Male,Suburban,1.9,7.2,5.8,173.0
Male,Suburban,1.6,7.7,6.8,9.6
Male,Suburban,1.8,6.7,5.6,152.1
Male,Suburban,1.5,6.7,6.3,151.1
Male,Suburban,2.5,8.0,2.1,118.5
Male,Suburban,1.2,7.6,4.8,144.4
Male,Suburban,2.2,8.8,3.5,136.8
Male,Suburban,0.9,6.9,5.8,143.9
Male,Suburban,2.5,8.0,2.0,97.9
Male,Suburban,2.6,7.7,2.8,60.9
Male,Suburban,1.6,7.3,6.0,192.4
Male,Suburban,0.9,7.6,5.8,117.1
Male,Suburban,1.0,7.6,6.6,141.9
Male,Suburban,1.6,7.4,5.5,124.7
Male,Suburban,1.7,8.2,3.5,106.2
Male,Suburban,2.4,7.6,2.8,189.9
Male,Suburban,1.4,7.8,4.5,77.5
Male,Suburban,3.3,7.4,3.1,162.4
Male,Suburban,2.4,7.2,5.2,153.8
Male,Suburban,1.6,7.2,2.6,70.3
Male,Suburban,0.7,7.8,5.3,225.6
Male,Suburban,1.7,7.4,4.0,176.4
Male,Suburban,1.2,7.6,3.8,71.0
Male,Suburban,0.9,7.7,5.4,72.3
Male,Suburban,0.7,7.3,6.4,299.8
Male,Suburban,2.6,8.3,3.9,96.6
Male,Suburban,0.8,7.0,6.7,95.9
Male,Suburban,2.7,6.7,2.0,127.1
Male,Suburban,1.2,7.3,5.0,188.9
Male,Suburban,1.1,7.4,5.5,195.9
Male,Suburban,3.8,8.2,1.4,120.0
Male,Suburban,2.5,8.4,2.9,161.6
Male,Suburban,1.4,7.6,6.3,163.5
Male,Suburban,1.9,6.8,5.3,126.0
Male,Suburban,1.2,7.9,6.4,93.7
Male,Suburban,2.1,7.4,3.1,153.4
Male,Suburban,1.1,7.6,4.2,52.3
Male,Suburban,2.5,7.5,3.6,69.0
Male,Suburban,2.2,7.0,3.1,95.5
Male,Suburban,1.6,8.7,1.0,133.5
Male,Suburban,1.0,6.6,6.0,124.2
Male,Suburban,1.3,6.7,8.1,151.8
Male,Suburban,0.9,7.5,5.6,137.8
Male,Suburban,1.0,7.6,5.4,66.1
Male,Suburban,1.5,6.3,5.2,107.2
Male,Suburban,1.8,6.7,5.2,219.7
Male,Suburban,1.3,7.2,6.2,174.3
Male,Suburban,1.1,7.4,7.5,58.8
Male,Suburban,1.6,7.6,3.7,160.2
Male,Suburban,2.1,8.2,2.8,106.9
Male,Suburban,1.5,7.2,4.6,141.8
Male,Suburban,2.3,7.7,4.8,138.7
Male,Suburban,1.3,7.6,4.2,182.5
Male,Suburban,3.4,7.2,4.5,169.9
Male,Suburban,1.1,6.5,7.5,119.4
Male,Suburban,1.0,7.4,5.3,202.6
Male,Suburban,0.7,7.3,6.1,187.0
Male,Suburban,2.4,7.8,1.2,105.7
Male,Suburban,1.1,7.2,5.0,162.4
Male,Suburban,1.5,7.1,6.7,122.1
Male,Suburban,1.2,7.5,6.2,147.9
Male,Suburban,2.0,7.3,3.1,159.9
Male,Suburban,0.5,8.2,5.1,133.8
Male,Suburban,1.7,6.7,4.4,169.9
Male,Suburban,3.0,7.5,2.2,117.2
Male,Suburban,2.8,6.5,5.2,205.4
Male,Suburban,1.9,8.0,2.5,153.3
Male,Suburban,2.3,7.1,4.3,102.3
Male,Suburban,2.5,7.4,4.6,93.5
Male,Suburban,1.0,8.2,4.6,163.7
Male,Suburban,1.8,7.5,4.3,106.5
Male,Suburban,1.3,7.0,4.0,214.6
Male,Suburban,1.0,6.4,6.2,186.1
Male,Suburban,1.1,6.8,6.7,137.2
Male,Suburban,0.9,7.4,6.4,145.9
Male,Suburban,3.5,7.9,3.6,168.5
Male,Suburban,1.5,8.2,4.2,96.9
Male,Suburban,0.8,7.0,6.0,296.4
Male,Suburban,1.9,8.2,2.5,85.2
Male,Suburban,0.9,7.1,4.0,131.6
Male,Suburban,2.2,7.0,7.0,139.9
Male,Suburban,1.8,7.2,7.0,176.1
Male,Suburban,0.9,6.9,7.8,186.3
Male,Suburban,1.1,6.9,6.0,196.7
Male,Suburban,1.4,7.3,3.7,207.4
Male,Suburban,1.4,7.8,2.7,250.8
Male,Suburban,3.1,6.7,4.9,136.8
Male,Suburban,1.9,7.4,3.5,219.2
Male,Suburban,0.8,5.8,6.7,110.5
Male,Suburban,1.4,8.0,5.4,153.7
Male,Suburban,1.2,7.5,5.6,242.0
Male,Suburban,1.0,7.2,7.0,120.4
Male,Suburban,1.4,8.2,5.4,188.0
Male,Suburban,2.6,6.3,2.9,160.8
Male,Suburban,1.2,7.1,3.5,73.4
Male,Suburban,3.2,7.6,3.6,165.5
Male,Suburban,2.2,7.9,2.4,12.0
Male,Suburban,1.4,7.7,5.2,133.4
Male,Suburban,1.6,7.9,2.4,130.7
Male,Suburban,0.5,7.7,8.3,160.8
Male,Suburban,2.3,7.2,6.0,139.7
Male,Suburban,0.9,8.6,4.9,146.9
Male,Suburban,2.7,8.4,2.9,133.6
Male,Suburban,1.2,7.3,5.0,203.9
Male,Urban,2.8,7.5,2.7,113.1
Male,Urban,1.7,7.4,4.8,99.4
Male,Urban,0.7,7.4,6.2,160.8
Male,Urban,2.3,8.2,3.7,29.5
Male,Urban,2.2,7.3,2.7,245.1
Male,Urban,0.8,8.3,6.4,239.3
Male,Urban,2.0,7.4,6.2,143.2
Male,Urban,1.5,6.7,5.5,225.1
Male,Urban,2.1,7.1,3.6,179.2
Male,Urban,1.2,6.2,8.1,182.1
Male,Urban,2.7,7.7,4.0,105.3
Male,Urban,1.0,7.5,5.8,139.0
Male,Urban,1.7,6.6,4.8,135.1
Male,Urban,0.7,7.4,8.3,176.0
Male,Urban,2.5,7.7,5.4,199.8
Male,Urban,2.2,7.7,5.6,178.8
Male,Urban,0.8,6.0,9.3,193.0
Male,Urban,2.0,7.3,7.2,200.9
Male,Urban,2.0,8.3,3.4,115.3
Male,Urban,0.9,6.4,6.0,159.6
Male,Urban,0.9,7.3,5.3,130.4
Male,Urban,0.8,6.8,3.7,105.3
Male,Urban,0.9,7.0,6.5,166.9
Male,Urban,1.1,7.4,6.8,143.6
Male,Urban,1.3,7.9,5.2,79.4
Male,Urban,2.6,7.2,4.3,189.8
Male,Urban,2.7,7.9,4.8,174.4
Male,Urban,2.0,7.6,2.6,22.8
Male,Urban,1.5,7.0,4.7,157.5
Male,Urban,1.5,7.2,6.0,239.2
Male,Urban,1.6,7.4,5.6,192.2
Male,Urban,1.4,6.5,9.9,180.8
Male,Urban,1.4,6.4,9.1,145.7
Male,Urban,1.5,7.3,6.8,158.3
Male,Urban,1.5,8.0,3.0,110.9
Male,Urban,1.0,7.5,1.7,86.1
Male,Urban,0.9,6.9,6.0,13.1
Male,Urban,2.1,7.7,6.0,96.7
Male,Urban,1.5,7.5,9.1,61.0
Male,Urban,0.6,6.2,6.7,143.7
Male,Urban,2.3,8.3,3.8,221.8
Male,Urban,0.7,7.0,5.2,274.9
Male,Urban,0.9,7.1,4.2,213.6
Male,Urban,1.7,7.5,6.6,120.7
Male,Urban,2.1,7.3,2.2,114.4
Male,Urban,1.6,7.5,4.2,222.5
Male,Urban,2.7,7.9,4.1,155.6
Male,Urban,2.4,7.7,4.3,57.7
Male,Urban,0.8,7.3,7.3,155.7
Male,Urban,1.8,6.8,6.0,191.9
Male,Urban,0.5,7.6,3.7,120.3
Male,Urban,1.9,7.8,4.4,200.3
Male,Urban,0.3,8.0,7.7,132.6
Male,Urban,1.2,8.2,6.3,98.6
Male,Urban,1.6,7.1,7.1,113.4
Male,Urban,0.6,7.6,3.7,114.5
Male,Urban,0.7,7.0,7.8,153.7
Male,Urban,2.5,7.7,3.5,120.4
Male,Urban,2.3,7.1,3.6,72.5
Male,Urban,2.4,6.8,4.6,182.8
Male,Urban,2.1,8.0,3.0,148.7
Male,Urban,1.9,7.3,4.3,123.2
Male,Urban,1.4,7.4,5.3,219.4
Male,Urban,1.9,8.0,2.6,156.0
Male,Urban,1.0,6.5,4.1,180.8
Male,Urban,0.0,7.6,6.6,124.8
Male,Urban,0.9,7.3,6.7,218.9
Male,Urban,1.0,7.0,5.5,54.2
Male,Urban,1.5,7.1,4.3,83.2
Male,Urban,1.8,7.8,6.6,169.0
Male,Urban,1.5,6.6,4.6,123.5
Male,Urban,1.1,7.7,6.6,34.1
Male,Urban,1.8,8.0,3.0,147.5
Male,Urban,1.4,6.8,7.1,42.2
Male,Urban,1.5,7.3,6.5,204.4
Male,Urban,1.8,6.5,9.0,140.1
Male,Urban,1.4,7.8,5.7,131.8
Male,Urban,1.2,8.0,7.6,97.9
Male,Urban,1.9,7.3,3.7,70.8
Male,Urban,1.1,7.1,4.1,94.0
Male,Urban,1.0,7.1,5.7,196.8
Male,Urban,1.9,7.3,4.0,94.8
Male,Urban,1.5,7.5,5.5,172.2
Male,Urban,1.8,7.7,5.3,120.2
Male,Urban,1.2,7.4,4.2,176.6
Male,Urban,1.1,8.2,5.7,76.2
Male,Urban,1.0,7.1,7.1,179.7
Male,Urban,1.7,6.9,6.6,195.3
Male,Urban,1.2,6.7,7.1,259.5
Male,Urban,1.5,8.0,6.2,156.2
Male,Urban,1.1,7.4,2.0,189.0
Male,Urban,1.8,7.5,5.8,78.6
Male,Urban,1.0,8.2,5.2,49.2
Male,Urban,1.1,6.6,4.9,186.7
Male,Urban,1.1,7.5,3.4,124.0
Male,Urban,1.7,7.6,3.6,69.1
Male,Urban,2.0,7.6,4.1,124.6
Male,Urban,3.3,7.1,3.2,129.8
Male,Urban,1.3,7.3,4.3,165.1
Male,Urban,2.5,8.4,1.2,50.4
Male,Urban,1.6,7.7,5.5,214.0
Male,Urban,2.6,7.7,3.9,107.3
Male,Urban,1.6,6.4,5.2,139.2
Male,Urban,2.4,7.6,4.6,32.1
Male,Urban,2.3,7.8,1.0,91.5
Male,Urban,1.5,6.8,8.4,154.4
Male,Urban,0.7,7.0,5.4,175.9
Male,Urban,1.4,7.6,5.8,114.4
Male,Urban,0.9,7.5,5.4,238.8
Male,Urban,2.7,6.6,6.0,124.6
Male,Urban,2.0,7.3,4.8,169.7
Male,Urban,1.3,7.0,7.5,148.4
Male,Urban,1.3,7.5,3.1,140.9
Male,Urban,0.9,7.5,8.5,218.7
Male,Urban,1.0,6.1,8.6,147.9
Male,Urban,1.3,6.9,6.3,153.7
Male,Urban,0.9,6.7,6.9,184.8
Male,Urban,1.9,7.1,4.0,208.5
Male,Urban,2.4,7.9,2.0,126.8
Male,Urban,1.8,7.1,5.0,211.9
Male,Urban,0.7,7.0,7.3,161.8
Male,Urban,1.6,7.5,3.9,120.0
Male,Urban,1.1,6.7,4.9,109.2
Male,Urban,0.9,7.0,8.5,91.3
Male,Urban,0.9,8.1,3.4,67.9
Male,Urban,2.2,7.3,4.6,111.1
Male,Urban,1.6,6.7,9.0,206.0
Male,Urban,3.2,7.6,5.0,136.4
Male,Urban,1.1,7.2,5.6,163.8
Male,Urban,1.8,8.0,4.4,110.1
Male,Urban,2.6,7.4,4.5,119.3
Male,Urban,1.3,7.4,6.5,163.7
Male,Urban,0.3,7.1,8.9,102.0
Male,Urban,1.6,7.6,3.1,135.9
Male,Urban,1.2,7.3,3.4,133.4
Male,Urban,1.1,7.4,5.5,87.4
Male,Urban,1.1,7.8,6.5,147.8
Male,Urban,1.3,7.4,4.8,112.7
Male,Urban,3.0,7.6,3.5,58.9
Male,Urban,0.5,6.7,10.0,133.8
Male,Urban,1.6,8.8,4.0,94.8
Male,Urban,0.7,6.6,6.5,181.6
Male,Urban,0.8,7.6,6.4,203.1
Male,Urban,1.9,7.8,4.2,119.4
Male,Urban,1.8,7.0,8.6,217.0
Male,Urban,0.8,7.3,7.8,102.8
Male,Urban,1.7,7.3,3.1,206.3
Male,Urban,1.2,7.2,5.9,159.2
Male,Urban,1.7,6.9,8.2,85.6
Male,Urban,1.0,7.4,7.4,99.4
Male,Urban,2.5,7.3,5.0,127.9
Male,Urban,1.4,6.9,5.7,216.5
Male,Urban,1.6,7.4,5.8,119.4
Male,Urban,1.2,7.3,5.8,142.6
Male,Urban,3.1,7.9,2.3,82.3
Male,Urban,3.1,7.2,3.3,113.3
Male,Urban,1.5,7.2,3.7,159.3
Male,Urban,1.4,7.2,5.5,82.1
Male,Urban,0.3,7.8,5.6,106.1
Male,Urban,1.5,7.4,7.2,164.6
Male,Urban,2.4,7.4,1.6,168.6
Male,Urban,1.1,7.4,6.4,127.8
Male,Urban,1.5,7.1,6.7,163.6
Male,Urban,1.7,7.6,4.9,160.5
Male,Urban,2.3,7.4,1.5,231.9
Male,Urban,1.4,7.5,3.8,140.7
Male,Urban,1.6,7.3,5.5,180.0
Male,Urban,0.9,7.1,7.2,248.7
Male,Urban,0.8,6.8,5.0,15.5
Male,Urban,2.1,8.1,5.2,116.8
Male,Urban,1.2,7.4,5.3,38.9
Male,Urban,1.3,7.0,3.8,79.1
Male,Urban,1.1,8.0,3.3,104.4
Male,Urban,1.9,7.0,6.4,210.4
Male,Urban,0.2,6.7,4.8,160.1
Male,Urban,1.3,6.9,4.8,148.3
Male,Urban,0.4,7.8,7.9,76.6
Male,Urban,1.9,7.2,5.1,115.3
Male,Urban,2.4,8.3,2.6,78.1
Male,Urban,0.8,6.8,7.7,166.4
Male,Urban,2.7,6.9,3.7,134.7
Male,Urban,1.1,8.6,6.1,0.0
Male,Urban,1.8,6.8,3.5,142.7
Male,Urban,1.9,7.5,5.4,201.1
Male,Urban,1.6,8.3,5.7,116.9
Male,Urban,2.4,7.0,2.5,123.7
Male,Urban,1.4,8.0,4.2,101.1
Male,Urban,0.4,8.2,4.4,144.4
Male,Urban,0.4,7.6,6.4,146.3
Male,Urban,2.6,7.2,5.3,58.2
Male,Urban,0.8,6.6,8.3,227.9
Male,Urban,0.9,7.0,4.9,167.4
Male,Urban,1.1,8.8,3.4,33.5
Male,Urban,0.6,6.8,5.2,151.1
Male,Urban,1.9,6.5,6.2,155.2
Male,Urban,0.8,8.3,3.4,120.3
Male,Urban,1.2,7.8,8.0,61.0
Male,Urban,2.6,7.4,1.1,119.2
Male,Urban,1.2,8.0,7.1,146.3
Male,Urban,0.6,6.3,3.7,174.9
Male,Urban,2.2,8.1,4.7,154.8
Male,Urban,1.5,7.4,5.2,40.7
Male,Urban,1.3,7.5,6.2,180.2
Male,Urban,1.1,6.9,5.0,147.6
Male,Urban,2.2,7.3,3.1,166.7
Male,Urban,1.7,7.1,2.0,207.2
Male,Urban,1.8,6.8,3.8,201.8
Male,Urban,1.8,7.5,5.1,127.5
Male,Urban,1.6,7.9,5.8,159.5
Male,Urban,2.0,7.1,5.8,154.7
Male,Urban,1.1,6.8,4.9,113.9
Male,Urban,1.5,6.3,7.7,242.1
Male,Urban,1.3,7.4,7.6,138.2
Male,Urban,1.1,7.4,6.1,80.0
Male,Urban,1.1,7.1,5.3,219.6
Male,Urban,1.8,8.0,7.2,38.4
Male,Urban,2.0,7.5,4.9,155.4
Male,Urban,2.0,7.0,5.7,220.6
Male,Urban,0.7,7.3,7.1,159.5
Male,Urban,1.6,7.1,7.6,134.4
Male,Urban,2.6,7.0,6.3,153.0
Male,Urban,1.9,6.9,5.5,132.3
Male,Urban,1.1,6.7,6.0,137.8
Male,Urban,2.2,7.6,3.9,108.6
Male,Urban,1.9,7.3,1.8,171.6
Male,Urban,0.4,6.7,8.5,43.2
Male,Urban,1.8,6.8,3.3,221.2
Male,Urban,1.4,7.5,4.4,160.5
Male,Urban,0.6,7.5,7.4,195.2
Male,Urban,2.7,7.3,3.2,223.4
Male,Urban,1.6,7.8,5.9,150.7
Male,Urban,1.2,8.2,6.4,106.4
Male,Urban,0.7,7.1,9.0,162.6
Male,Urban,1.8,6.6,7.8,130.4
Male,Urban,2.1,7.7,4.0,184.6
Male,Urban,1.0,7.3,6.6,169.0
Male,Urban,1.6,6.4,3.6,139.3
Male,Urban,1.8,7.3,5.4,168.8
Male,Urban,1.2,7.6,8.2,75.6
Male,Urban,2.1,7.6,3.7,116.0
Male,Urban,2.3,7.9,2.8,105.3
Male,Urban,2.1,7.2,2.6,107.1
Male,Urban,2.5,7.6,4.0,169.6
Male,Urban,1.2,7.0,6.5,24.8
Male,Urban,1.9,8.1,4.3,258.3
Male,Urban,2.5,7.3,1.9,76.4
Male,Urban,2.4,7.5,2.4,135.6
Male,Urban,1.2,7.7,5.4,123.0
Male,Urban,2.6,7.2,3.6,46.1
Male,Urban,1.0,7.8,6.8,196.9
Male,Urban,1.4,7.5,5.1,177.6
Male,Urban,2.3,7.9,5.0,109.2
Male,Urban,1.0,8.2,7.7,129.4
Male,Urban,1.7,7.6,1.7,208.0
Male,Urban,1.8,7.5,3.6,145.3
Male,Urban,3.1,7.4,4.8,78.5
Male,Urban,0.4,6.2,7.7,158.6
Male,Urban,0.8,7.3,6.1,88.6
Male,Urban,1.6,7.7,6.5,61.7
Male,Urban,0.8,6.8,3.8,231.2
Male,Urban,0.8,6.7,9.1,174.8
Male,Urban,0.7,8.0,4.6,46.1
Male,Urban,1.1,7.7,6.0,212.3
Male,Urban,1.5,8.1,6.3,86.8
Male,Urban,0.8,7.2,4.2,33.8
Male,Urban,2.3,7.9,3.0,111.5
Male,Urban,1.5,7.7,7.9,146.8
Male,Urban,1.4,6.8,7.6,174.3
Male,Urban,2.8,8.2,2.4,198.4
Male,Urban,2.7,7.3,2.8,152.6
Male,Urban,0.4,6.9,4.7,231.4
Male,Urban,2.0,8.0,2.3,112.9
Male,Urban,2.6,7.8,4.4,13.2
Male,Urban,1.5,8.1,6.6,153.8
Male,Urban,2.2,8.1,3.7,147.0
Male,Urban,1.1,7.7,4.0,204.6
Male,Urban,1.7,7.6,4.2,118.0
Male,Urban,3.2,7.1,4.7,196.7
Male,Urban,1.7,7.3,4.5,59.1
Male,Urban,2.3,7.5,1.4,146.8
Male,Urban,0.8,5.4,7.9,238.8
Male,Urban,1.9,7.5,3.4,43.1
Male,Urban,1.4,6.6,4.4,180.6
Male,Urban,1.1,7.6,5.0,138.1
Male,Urban,1.5,7.7,6.7,164.0
Male,Urban,1.3,7.4,6.6,159.8
Male,Urban,2.6,7.7,2.1,104.0
Male,Urban,1.8,7.5,3.9,184.3
Male,Urban,2.6,7.6,3.2,177.0
Male,Urban,1.6,7.4,5.8,151.6
Male,Urban,3.0,7.8,3.2,183.9
Male,Urban,1.7,7.1,6.4,177.6
Male,Urban,1.1,7.6,6.1,152.3
Male,Urban,1.7,7.5,4.5,130.2
Male,Urban,0.9,7.1,5.2,97.6
Male,Urban,1.8,6.7,3.7,160.2
Male,Urban,2.0,7.5,4.4,182.2
Male,Urban,1.2,7.0,6.5,184.9
Male,Urban,1.4,7.2,7.2,166.3
Male,Urban,1.7,6.7,6.0,115.5
Male,Urban,0.5,6.6,5.1,116.5
Male,Urban,1.8,7.0,4.0,97.6
Male,Urban,1.3,6.6,5.2,126.8
Male,Urban,0.7,6.9,5.9,201.6
Male,Urban,0.8,6.8,3.2,88.7
Male,Urban,1.7,7.7,5.4,145.6
Male,Urban,2.3,6.9,3.5,201.6
Male,Urban,1.2,6.2,9.3,119.2
Male,Urban,1.6,6.8,4.9,214.8
Male,Urban,1.9,8.1,3.1,160.2
Male,Urban,1.6,7.3,6.3,81.4
Male,Urban,2.9,8.1,4.4,64.1
Male,Urban,1.4,7.2,6.1,178.6
Male,Urban,2.3,6.8,8.7,185.5
Male,Urban,1.9,8.6,3.6,143.7
Male,Urban,1.2,7.8,5.2,136.9
Male,Urban,1.6,6.9,5.0,213.8
Male,Urban,1.7,7.6,3.7,138.1
Male,Urban,0.9,8.1,6.2,110.3
Male,Urban,2.2,8.2,2.7,158.3
Male,Urban,1.2,7.0,4.8,152.8
Male,Urban,1.6,6.2,6.8,233.8
Male,Urban,2.6,7.3,5.3,87.3
Male,Urban,1.2,7.2,5.6,178.5
Male,Urban,1.0,6.9,4.6,142.0
Male,Urban,1.5,7.1,6.5,171.2
Male,Urban,2.7,7.7,4.7,123.8
Male,Urban,0.2,7.3,5.7,183.0
Male,Urban,0.5,7.9,5.1,98.5
Male,Urban,1.9,6.4,5.3,185.0
Male,Urban,1.0,7.2,4.9,113.3
Male,Urban,3.7,8.4,3.5,124.0
Male,Urban,2.6,7.9,2.1,79.7
Male,Urban,2.3,7.7,3.9,127.9
Male,Urban,1.1,7.0,8.5,190.9
Male,Urban,1.1,7.5,5.4,77.9
Male,Urban,2.2,7.9,4.7,158.1
Male,Urban,1.2,7.7,4.9,150.4
Male,Urban,2.6,7.7,1.8,167.7
Male,Urban,2.6,7.3,2.7,195.9
Male,Urban,2.4,7.2,6.1,137.2
Male,Urban,1.2,8.0,4.4,201.3
Male,Urban,1.1,8.2,6.2,101.5
Male,Urban,0.9,7.4,8.8,140.7
Male,Urban,1.8,7.5,8.3,230.4
Male,Urban,0.4,7.8,5.6,141.2
Male,Urban,1.4,7.3,5.6,128.1
Male,Urban,2.1,7.2,3.6,192.0
Male,Urban,1.1,7.6,5.0,96.3
Male,Urban,2.2,7.6,5.7,246.1
Male,Urban,0.5,7.8,3.5,105.3
Male,Urban,0.9,7.3,4.5,169.2
Male,Urban,0.6,6.9,4.9,141.7
Male,Urban,0.7,7.2,5.1,138.8
Male,Urban,1.3,7.8,2.2,207.1
Male,Urban,2.4,8.4,4.4,202.4
Male,Urban,0.9,7.4,5.6,98.1
Male,Urban,2.7,7.8,6.5,141.2
Male,Urban,1.8,8.0,3.5,137.3
Male,Urban,0.9,7.8,6.6,141.9
Male,Urban,1.1,7.0,7.6,145.7
Male,Urban,1.3,6.3,7.8,148.5
Male,Urban,2.4,7.4,1.0,164.9
Male,Urban,2.7,7.6,3.7,208.2
Male,Urban,1.5,6.7,5.0,187.1
Male,Urban,1.6,6.6,6.7,138.2
Male,Urban,2.1,6.9,1.9,101.4
Male,Urban,0.7,7.4,7.9,136.4
Male,Urban,1.1,7.8,5.3,152.8
Male,Urban,0.5,7.8,3.7,135.7
Male,Urban,1.2,8.5,5.0,69.9
Male,Urban,1.5,7.8,5.8,163.8
Male,Urban,1.5,7.5,7.8,131.7
Male,Urban,0.9,7.2,6.5,102.9
Male,Urban,0.8,6.7,2.8,165.8
Male,Urban,1.2,7.1,3.6,196.8
Male,Urban,2.5,7.3,3.5,133.7
Male,Urban,0.9,8.2,5.1,50.0
Male,Urban,1.4,6.8,6.9,230.7
Male,Urban,2.2,7.4,1.9,76.1
Male,Urban,1.5,7.9,10.0,34.3
Male,Urban,1.0,7.0,8.7,109.5
Male,Urban,2.4,7.1,3.9,160.9
Male,Urban,1.6,8.1,4.2,126.1
Male,Urban,2.0,8.0,2.3,164.2
Male,Urban,1.7,7.7,4.0,131.5
Male,Urban,1.0,7.6,7.4,203.5
Male,Urban,2.6,7.5,4.5,251.9
Male,Urban,2.6,6.8,4.7,207.3
Male,Urban,1.7,7.3,3.6,56.8
Male,Urban,1.8,6.8,4.7,169.9
Male,Urban,1.0,7.4,5.3,211.5
Male,Urban,1.4,8.0,4.2,176.8
Male,Urban,0.6,7.3,5.9,148.5
Male,Urban,1.3,7.9,3.2,50.6
Male,Urban,1.5,7.1,6.9,122.3
Male,Urban,1.2,7.1,5.1,82.4
Male,Urban,1.1,7.0,5.0,232.1
Male,Urban,2.9,7.0,3.4,189.5
Male,Urban,1.2,6.4,5.9,155.5
Male,Urban,2.4,7.6,3.7,244.0
Male,Urban,1.4,7.4,3.6,82.5
Male,Urban,0.6,7.6,6.1,140.9
Male,Urban,2.7,7.6,2.6,165.6
Male,Urban,1.3,7.1,5.1,44.1
Male,Urban,1.9,7.1,3.1,92.3
Male,Urban,2.6,7.2,3.7,212.5
Male,Urban,1.1,7.4,4.9,191.9
Male,Urban,1.6,7.1,4.7,205.3
Male,Urban,1.2,8.0,5.0,169.4
Male,Urban,2.8,6.7,2.9,146.6
Male,Urban,1.8,7.3,2.3,80.0
Male,Urban,1.1,7.7,4.7,136.0
Male,Urban,1.5,8.0,4.6,105.0
Male,Urban,1.2,7.4,5.6,56.3
Male,Urban,0.8,6.9,6.5,158.5
Male,Urban,2.0,6.5,6.5,76.3
Male,Urban,0.9,7.4,7.1,225.7
Male,Urban,1.3,7.5,4.5,115.0
Male,Urban,0.8,7.8,5.5,179.2
Male,Urban,2.8,8.2,1.3,138.4
Male,Urban,0.7,8.5,3.1,45.3
Male,Urban,3.1,7.4,4.8,79.9
Male,Urban,0.7,6.9,4.6,163.4
Male,Urban,1.0,7.2,7.7,128.9
Male,Urban,1.4,8.2,5.7,197.8
Male,Urban,1.0,7.9,4.3,152.6
Male,Urban,1.1,7.2,7.8,181.8
Male,Urban,0.7,7.8,4.6,106.8
Male,Urban,0.9,7.0,3.9,141.8
Male,Urban,1.7,7.4,6.2,87.2
Male,Urban,1.7,7.2,7.4,139.5
Male,Urban,0.2,6.2,9.4,303.4
Male,Urban,2.4,7.0,3.4,159.2
Male,Urban,3.2,7.9,3.2,148.8
Male,Urban,2.4,6.9,6.6,141.8
Male,Urban,1.8,7.5,3.7,91.2
Male,Urban,1.6,7.3,4.9,126.3
Male,Urban,2.3,6.4,3.4,119.5
Male,Urban,2.5,8.9,3.1,175.3
Male,Urban,1.4,8.0,5.5,127.6
Male,Urban,2.9,7.8,3.7,69.8
Male,Urban,0.7,7.3,8.6,154.0
Male,Urban,1.9,6.6,4.3,126.3
Male,Urban,0.9,7.4,4.3,89.0
Male,Urban,2.8,7.4,4.1,116.5
Male,Urban,2.9,7.6,1.8,164.0
Male,Urban,3.4,7.2,2.3,42.1
Male,Urban,1.1,6.5,6.6,64.1
Male,Urban,2.0,7.2,4.4,161.7
Male,Urban,2.0,7.5,5.3,140.5
Male,Urban,1.3,6.9,4.2,176.7
Male,Urban,2.9,7.7,4.0,149.5
Male,Urban,2.4,8.1,2.2,58.0
Male,Urban,0.9,6.9,4.9,146.2
Male,Urban,2.3,8.0,3.6,64.1
Male,Urban,2.9,7.6,4.3,99.2
Male,Urban,2.8,8.3,4.4,143.1
Male,Urban,1.3,6.5,4.8,133.3
Male,Urban,0.9,6.4,5.6,123.7
Male,Urban,0.6,7.4,3.8,144.4
Male,Urban,1.4,7.8,5.5,141.7
Male,Urban,2.4,8.7,5.4,146.0
Male,Urban,2.3,6.7,3.2,117.0
Male,Urban,2.4,7.3,8.5,68.8
Male,Urban,1.1,7.0,9.8,92.3
Male,Urban,1.3,6.0,9.2,170.6
Male,Urban,1.0,7.2,6.2,45.6
Male,Urban,1.8,7.1,2.1,146.4
Male,Urban,1.3,7.3,4.8,165.4
Male,Urban,2.1,8.3,3.8,87.6
Male,Urban,2.2,8.2,3.3,108.9
Male,Urban,1.8,8.1,3.0,104.4
Male,Urban,2.8,7.2,5.5,134.4
Male,Urban,1.7,6.6,4.6,87.7
Male,Urban,1.5,7.4,6.2,137.1
Male,Urban,2.0,7.2,4.8,158.4
Male,Urban,2.5,7.7,3.5,157.3
Male,Urban,0.9,7.0,7.5,128.0
Male,Urban,2.7,8.0,2.5,163.7
Male,Urban,1.0,7.8,1.6,125.9
Male,Urban,1.6,7.8,8.2,81.8
Male,Urban,0.4,8.0,6.1,113.5
Male,Urban,1.6,7.7,5.9,82.9
Male,Urban,1.2,7.3,5.9,135.2
Male,Urban,1.7,8.3,3.6,176.7
Male,Urban,0.8,7.3,8.0,186.0
Male,Urban,0.8,6.7,6.8,172.4
